kind,filename,name,prompt
bg,bg/home-island.webp,首頁小島,"Premium storybook-style mobile game art, painterly digital illustration with soft 3D volume and depth, cozy animated film concept painting. Wide detailed environment scene with strong depth: lush floating forest island, ancient chunky treehouse in midground, winding mossy stone path, cozy wooden signs, slightly blurred wild clover flowers in close foreground, soft hazy hills in distant background. Warm golden afternoon sunlight from top-left, gentle volumetric rays. Central screen uncluttered. Square 1:1. --no text, letters, watermark, flat 2D vector, thick lines"
bg,bg/game-zh.webp,國語遊戲背景,"Premium storybook-style mobile game art, painterly digital illustration with soft 3D volume and depth, cozy animated film concept painting, rounded chunky shapes, warm golden afternoon sunlight from the top-left, gentle rim light, soft ambient occlusion and contact shadows. Palette of leaf green, warm wood brown, cream parchment, sunny yellow, berry red. Wide environment scene with strong depth: inside a cozy treehouse classroom with wooden shelves of books, a small blackboard, potted plants, warm lanterns. Layered foreground slightly blurred, sharp midground, soft hazy distant background. Central screen uncluttered for game UI, important details away from the edges. Square 1:1. --no text, letters, numbers, watermark, characters, flat 2D vector, thick lines"
bg,bg/game-ma.webp,數學遊戲背景,"Premium storybook-style mobile game art, soft 3D volume. Wide environment scene: a cozy rustic forest kitchen, chunky carved wooden prep counter, hanging clay pots, small stone oven in midground with warm embers, soft golden daylight from top-left open window. Calm open center. Square 1:1. --no text, letters, vector art"
bg,bg/game-en.webp,英文遊戲背景,"Premium storybook-style mobile game art, painterly digital illustration with soft 3D volume and depth, cozy animated film concept painting, rounded chunky shapes, warm golden afternoon sunlight from the top-left, gentle rim light, soft ambient occlusion and contact shadows. Palette of leaf green, warm wood brown, cream parchment, sunny yellow, berry red. Wide environment scene with strong depth: a sunny flower garden with a picket fence, a little garden shed and a winding path. Layered foreground slightly blurred, sharp midground, soft hazy distant background. Central screen uncluttered for game UI, important details away from the edges. Square 1:1. --no text, letters, numbers, watermark, characters, flat 2D vector, thick lines"
bg,bg/boss.webp,魔王挑戰,"Premium storybook-style mobile game art, painterly digital illustration with soft 3D volume and depth, cozy animated film concept painting, rounded chunky shapes, warm golden afternoon sunlight from the top-left, gentle rim light, soft ambient occlusion and contact shadows. Palette of leaf green, warm wood brown, cream parchment, sunny yellow, berry red. Wide environment scene with strong depth: a misty deep forest clearing at dusk with glowing mushrooms and ancient trees, a bit mysterious but friendly. Layered foreground slightly blurred, sharp midground, soft hazy distant background. Central screen uncluttered for game UI, important details away from the edges. Square 1:1. --no text, letters, numbers, watermark, characters, flat 2D vector, thick lines"
bg,bg/library.webp,故事屋,"Premium storybook-style mobile game art, painterly soft 3D interior. Wide environment scene: cozy hollow tree library with thick carved wooden bookshelves, tiny glowing firefly lanterns, soft cream parchment rugs, rounded wooden study desk. Warm afternoon sunlight streaming through round knothole window from top-left. Square 1:1. --no text, numbers, watermark"
bg,bg/lessons.webp,學習步道,"Premium storybook-style mobile game art, soft 3D volume, animated film concept painting. Wide environment scene: enchanting woodland path flanked by chunky mushrooms, lush moss-covered rocks, and ancient round oak trees. Gentle dappled sunlight filtering from top-left, layered foreground foliage slightly blurred, hazy misty clearing in distance. Clear center for game interaction. Square 1:1. --no text, flat colors, outlines"
bg,bg/puzzle.webp,益智島,"Premium storybook-style mobile game art, painterly digital illustration with soft 3D volume and depth, cozy animated film concept painting, rounded chunky shapes, warm golden afternoon sunlight from the top-left, gentle rim light, soft ambient occlusion and contact shadows. Palette of leaf green, warm wood brown, cream parchment, sunny yellow, berry red. Wide environment scene with strong depth: a playful island of giant wooden toy blocks and fruit trees by the water. Layered foreground slightly blurred, sharp midground, soft hazy distant background. Central screen uncluttered for game UI, important details away from the edges. Square 1:1. --no text, letters, numbers, watermark, characters, flat 2D vector, thick lines"
bg,bg/garage.webp,賽車車庫,"Premium storybook-style mobile game art, painterly digital illustration with soft 3D volume and depth, cozy animated film concept painting, rounded chunky shapes, warm golden afternoon sunlight from the top-left, gentle rim light, soft ambient occlusion and contact shadows. Palette of leaf green, warm wood brown, cream parchment, sunny yellow, berry red. Wide environment scene with strong depth: a wooden forest workshop with tools on the wall, wooden wheels and a workbench. Layered foreground slightly blurred, sharp midground, soft hazy distant background. Central screen uncluttered for game UI, important details away from the edges. Square 1:1. --no text, letters, numbers, watermark, characters, flat 2D vector, thick lines"
bg,bg/race-track.webp,比賽賽道（橫向可重複）,"Premium storybook-style mobile game art, painterly digital illustration with soft 3D volume and depth, cozy animated film concept painting, rounded chunky shapes, warm golden afternoon sunlight from the top-left, gentle rim light, soft ambient occlusion and contact shadows. Palette of leaf green, warm wood brown, cream parchment, sunny yellow, berry red. Wide environment scene with strong depth: a horizontal dirt race track through the forest, side view, seamlessly tileable left to right. Layered foreground slightly blurred, sharp midground, soft hazy distant background. Central screen uncluttered for game UI, important details away from the edges. Square 1:1. --no text, letters, numbers, watermark, characters, flat 2D vector, thick lines"
bg,bg/result.webp,結算畫面,"Premium storybook-style mobile game art, painterly digital illustration with soft 3D volume and depth, cozy animated film concept painting, rounded chunky shapes, warm golden afternoon sunlight from the top-left, gentle rim light, soft ambient occlusion and contact shadows. Palette of leaf green, warm wood brown, cream parchment, sunny yellow, berry red. Wide environment scene with strong depth: a sunny forest clearing with colorful bunting flags and floating leaves, celebratory. Layered foreground slightly blurred, sharp midground, soft hazy distant background. Central screen uncluttered for game UI, important details away from the edges. Square 1:1. --no text, letters, numbers, watermark, characters, flat 2D vector, thick lines"
bg,bg/welcome.webp,開場／選小朋友,"Premium storybook-style mobile game art, painterly digital illustration with soft 3D volume and depth, cozy animated film concept painting, rounded chunky shapes, warm golden afternoon sunlight from the top-left, gentle rim light, soft ambient occlusion and contact shadows. Palette of leaf green, warm wood brown, cream parchment, sunny yellow, berry red. Wide environment scene with strong depth: the island seen from the lake at sunrise, soft and welcoming. Layered foreground slightly blurred, sharp midground, soft hazy distant background. Central screen uncluttered for game UI, important details away from the edges. Square 1:1. --no text, letters, numbers, watermark, characters, flat 2D vector, thick lines"
char,char/fox-idle.webp,待機（遊戲畫面角落）,"Premium storybook-style mobile game art, painterly soft 3D volume, cozy animated film concept art. Single full-body character: chibi red fox cub, cream chest and muzzle, large glossy amber eyes with bright catchlights, fluffy brush tail with white tip, wearing a leaf-green scarf (#5E8C4A) and small brown leather satchel. Friendly standing pose, front-facing 3/4 view, fluffy tactile fur texture. Centered, isolated on pure white background, soft contact shadow. Square 1:1. --no text, outlines, flat 2D"
char,char/fox-wave.webp,首頁、開場,"Premium storybook-style mobile game art, painterly digital illustration with soft 3D volume and depth, cozy animated film concept painting, rounded chunky shapes, warm golden afternoon sunlight from the top-left, gentle rim light, soft ambient occlusion and contact shadows. Palette of leaf green, warm wood brown, cream parchment, sunny yellow, berry red. Single full-body character: chibi red fox cub, cream chest and muzzle, large glossy amber eyes, fluffy brush tail with white tip, wearing a leaf-green scarf (#5E8C4A) and a small brown leather satchel. Pose: standing and waving hello. Fluffy tactile fur texture, big glossy eyes with bright catchlights, warm golden rim light from top-left. Centered, isolated on pure white background, soft contact shadow. Square 1:1. --no text, outlines, flat 2D, cel shading"
char,char/fox-point.webp,提示小手（指向）,"Premium storybook-style mobile game art, painterly digital illustration with soft 3D volume and depth, cozy animated film concept painting, rounded chunky shapes, warm golden afternoon sunlight from the top-left, gentle rim light, soft ambient occlusion and contact shadows. Palette of leaf green, warm wood brown, cream parchment, sunny yellow, berry red. Single full-body character: chibi red fox cub, cream chest and muzzle, large glossy amber eyes, fluffy brush tail with white tip, wearing a leaf-green scarf (#5E8C4A) and a small brown leather satchel. Pose: pointing forward with one paw, encouraging. Fluffy tactile fur texture, big glossy eyes with bright catchlights, warm golden rim light from top-left. Centered, isolated on pure white background, soft contact shadow. Square 1:1. --no text, outlines, flat 2D, cel shading"
char,char/fox-think.webp,出題、提示,"Premium storybook-style mobile game art, soft 3D volume. Single full-body character: chibi red fox cub tilting head thoughtfully, one paw touching chin, curious big amber eyes, wearing leaf-green scarf and brown leather bag. Soft volumetric shading, warm afternoon light. Centered, isolated on pure white background, soft drop shadow. Square 1:1. --no text, outlines"
char,char/fox-cheer.webp,答對,"Premium storybook-style mobile game art, soft 3D volume. Single full-body character: chibi red fox cub jumping happily with arms slightly raised, big joyful sparkly amber eyes, fluffy tail swaying up, wearing leaf-green scarf and brown satchel. Visible fur softness, warm golden rim light from top-left. Centered, isolated on pure white background, soft contact shadow underneath. Square 1:1. --no text, flat lines"
char,char/fox-comfort.webp,答錯（安慰，不可難過）,"Premium storybook-style mobile game art, painterly digital illustration with soft 3D volume and depth, cozy animated film concept painting, rounded chunky shapes, warm golden afternoon sunlight from the top-left, gentle rim light, soft ambient occlusion and contact shadows. Palette of leaf green, warm wood brown, cream parchment, sunny yellow, berry red. Single full-body character: chibi red fox cub, cream chest and muzzle, large glossy amber eyes, fluffy brush tail with white tip, wearing a leaf-green scarf (#5E8C4A) and a small brown leather satchel. Pose: gentle smile, one paw raised as if saying ""it's okay, try again"". Fluffy tactile fur texture, big glossy eyes with bright catchlights, warm golden rim light from top-left. Centered, isolated on pure white background, soft contact shadow. Square 1:1. --no text, outlines, flat 2D, cel shading"
char,char/fox-read.webp,故事屋,"Premium storybook-style mobile game art, painterly digital illustration with soft 3D volume and depth, cozy animated film concept painting, rounded chunky shapes, warm golden afternoon sunlight from the top-left, gentle rim light, soft ambient occlusion and contact shadows. Palette of leaf green, warm wood brown, cream parchment, sunny yellow, berry red. Single full-body character: chibi red fox cub, cream chest and muzzle, large glossy amber eyes, fluffy brush tail with white tip, wearing a leaf-green scarf (#5E8C4A) and a small brown leather satchel. Pose: sitting and reading an open book. Fluffy tactile fur texture, big glossy eyes with bright catchlights, warm golden rim light from top-left. Centered, isolated on pure white background, soft contact shadow. Square 1:1. --no text, outlines, flat 2D, cel shading"
char,char/fox-rest.webp,休息提醒,"Premium storybook-style mobile game art, painterly digital illustration with soft 3D volume and depth, cozy animated film concept painting, rounded chunky shapes, warm golden afternoon sunlight from the top-left, gentle rim light, soft ambient occlusion and contact shadows. Palette of leaf green, warm wood brown, cream parchment, sunny yellow, berry red. Single full-body character: chibi red fox cub, cream chest and muzzle, large glossy amber eyes, fluffy brush tail with white tip, wearing a leaf-green scarf (#5E8C4A) and a small brown leather satchel. Pose: yawning and stretching, sleepy but cute. Fluffy tactile fur texture, big glossy eyes with bright catchlights, warm golden rim light from top-left. Centered, isolated on pure white background, soft contact shadow. Square 1:1. --no text, outlines, flat 2D, cel shading"
char,char/fox-trophy.webp,精熟、升級,"Premium storybook-style mobile game art, painterly digital illustration with soft 3D volume and depth, cozy animated film concept painting, rounded chunky shapes, warm golden afternoon sunlight from the top-left, gentle rim light, soft ambient occlusion and contact shadows. Palette of leaf green, warm wood brown, cream parchment, sunny yellow, berry red. Single full-body character: chibi red fox cub, cream chest and muzzle, large glossy amber eyes, fluffy brush tail with white tip, wearing a leaf-green scarf (#5E8C4A) and a small brown leather satchel. Pose: holding up a golden star trophy. Fluffy tactile fur texture, big glossy eyes with bright catchlights, warm golden rim light from top-left. Centered, isolated on pure white background, soft contact shadow. Square 1:1. --no text, outlines, flat 2D, cel shading"
char,char/bunny-idle.webp,數字廚房（客人）,"Premium storybook-style mobile game art, soft 3D volume. Single full-body character: chubby white bunny, rosy cheeks, warm glossy black eyes, wearing a little yellow apron with white polka dots (#F6C343). Standing pleasantly, centered, facing forward, visible soft felt/fur texture. Isolated on pure white background, soft contact shadow. Square 1:1. --no text, flat cartoon"
char,char/bunny-happy.webp,數字廚房（答對）,"Premium storybook-style mobile game art, painterly digital illustration with soft 3D volume and depth, cozy animated film concept painting, rounded chunky shapes, warm golden afternoon sunlight from the top-left, gentle rim light, soft ambient occlusion and contact shadows. Palette of leaf green, warm wood brown, cream parchment, sunny yellow, berry red. Single full-body character: chubby white bunny, pink inner ears, rosy cheeks, warm glossy black eyes, wearing a little yellow apron with white polka dots (#F6C343). Pose: clapping happily. Fluffy tactile fur texture, big glossy eyes with bright catchlights, warm golden rim light from top-left. Centered, isolated on pure white background, soft contact shadow. Square 1:1. --no text, outlines, flat 2D, cel shading"
char,char/bunny-hmm.webp,數字廚房（數量不對）,"Premium storybook-style mobile game art, painterly digital illustration with soft 3D volume and depth, cozy animated film concept painting, rounded chunky shapes, warm golden afternoon sunlight from the top-left, gentle rim light, soft ambient occlusion and contact shadows. Palette of leaf green, warm wood brown, cream parchment, sunny yellow, berry red. Single full-body character: chubby white bunny, pink inner ears, rosy cheeks, warm glossy black eyes, wearing a little yellow apron with white polka dots (#F6C343). Pose: tilting head, curious, not sad. Fluffy tactile fur texture, big glossy eyes with bright catchlights, warm golden rim light from top-left. Centered, isolated on pure white background, soft contact shadow. Square 1:1. --no text, outlines, flat 2D, cel shading"
char,char/bear-hungry.webp,餵小熊,"Premium storybook-style mobile game art, soft 3D volume. Single full-body character: chubby brown bear cub with round ears, tan belly patch, wearing a small red bandana (#D9483B), sitting patiently with paws on belly, gentle warm expression, thick fluffy plush fur. Centered, isolated on pure white background, soft ground shadow. Square 1:1. --no text, cel shading"
char,char/bear-happy.webp,餵小熊（答對）,"Premium storybook-style mobile game art, painterly digital illustration with soft 3D volume and depth, cozy animated film concept painting, rounded chunky shapes, warm golden afternoon sunlight from the top-left, gentle rim light, soft ambient occlusion and contact shadows. Palette of leaf green, warm wood brown, cream parchment, sunny yellow, berry red. Single full-body character: chubby brown bear cub with round ears, soft tan belly patch, wearing a small red triangle bandana (#D9483B). Pose: eating happily, rubbing belly. Fluffy tactile fur texture, big glossy eyes with bright catchlights, warm golden rim light from top-left. Centered, isolated on pure white background, soft contact shadow. Square 1:1. --no text, outlines, flat 2D, cel shading"
char,char/owl-teach.webp,學習步道、故事屋,"Premium storybook-style mobile game art, soft 3D volume. Single full-body character: round plump brown owl, warm wood-grain feather textures, oversized circular spectacles, tiny green bow tie, holding a thick leatherbound storybook with one wing. Gentle educator smile. Centered, isolated on pure white background, soft contact shadow. Square 1:1. --no text, words, flat 2D"
char,char/owl-happy.webp,學習步道（完成）,"Premium storybook-style mobile game art, painterly digital illustration with soft 3D volume and depth, cozy animated film concept painting, rounded chunky shapes, warm golden afternoon sunlight from the top-left, gentle rim light, soft ambient occlusion and contact shadows. Palette of leaf green, warm wood brown, cream parchment, sunny yellow, berry red. Single full-body character: round plump brown owl, wise kind eyes, warm wood-grain feather textures, oversized circular spectacles, tiny green bow tie, holding a thick leatherbound storybook. Pose: wings open, proud and happy. Fluffy tactile fur texture, big glossy eyes with bright catchlights, warm golden rim light from top-left. Centered, isolated on pure white background, soft contact shadow. Square 1:1. --no text, outlines, flat 2D, cel shading"
char,char/pet-0-egg.webp,寵物：神祕的蛋,"Premium storybook-style mobile game art, painterly digital illustration with soft 3D volume and depth, cozy animated film concept painting, rounded chunky shapes, warm golden afternoon sunlight from the top-left, gentle rim light, soft ambient occlusion and contact shadows. Palette of leaf green, warm wood brown, cream parchment, sunny yellow, berry red. Single full-body character: a speckled cream egg sitting in a little nest of twigs and leaves. Fluffy tactile fur texture, big glossy eyes with bright catchlights, warm golden rim light from top-left. Centered, isolated on pure white background, soft contact shadow. Square 1:1. --no text, outlines, flat 2D, cel shading"
char,char/pet-1-hatch.webp,寵物：破殼寶寶,"Premium storybook-style mobile game art, painterly digital illustration with soft 3D volume and depth, cozy animated film concept painting, rounded chunky shapes, warm golden afternoon sunlight from the top-left, gentle rim light, soft ambient occlusion and contact shadows. Palette of leaf green, warm wood brown, cream parchment, sunny yellow, berry red. Single full-body character: a tiny yellow chick peeking out of a cracked speckled egg. Fluffy tactile fur texture, big glossy eyes with bright catchlights, warm golden rim light from top-left. Centered, isolated on pure white background, soft contact shadow. Square 1:1. --no text, outlines, flat 2D, cel shading"
char,char/pet-2-chick.webp,寵物：小小雞,"Premium storybook-style mobile game art, painterly digital illustration with soft 3D volume and depth, cozy animated film concept painting, rounded chunky shapes, warm golden afternoon sunlight from the top-left, gentle rim light, soft ambient occlusion and contact shadows. Palette of leaf green, warm wood brown, cream parchment, sunny yellow, berry red. Single full-body character: a fluffy little yellow chick with a tiny leaf on its head. Fluffy tactile fur texture, big glossy eyes with bright catchlights, warm golden rim light from top-left. Centered, isolated on pure white background, soft contact shadow. Square 1:1. --no text, outlines, flat 2D, cel shading"
char,char/pet-3-dino.webp,寵物：小恐龍,"Premium storybook-style mobile game art, painterly digital illustration with soft 3D volume and depth, cozy animated film concept painting, rounded chunky shapes, warm golden afternoon sunlight from the top-left, gentle rim light, soft ambient occlusion and contact shadows. Palette of leaf green, warm wood brown, cream parchment, sunny yellow, berry red. Single full-body character: a small friendly green baby dinosaur with a leaf scarf. Fluffy tactile fur texture, big glossy eyes with bright catchlights, warm golden rim light from top-left. Centered, isolated on pure white background, soft contact shadow. Square 1:1. --no text, outlines, flat 2D, cel shading"
char,char/pet-4-dragon.webp,寵物：學習神龍,"Premium storybook-style mobile game art, painterly digital illustration with soft 3D volume and depth, cozy animated film concept painting, rounded chunky shapes, warm golden afternoon sunlight from the top-left, gentle rim light, soft ambient occlusion and contact shadows. Palette of leaf green, warm wood brown, cream parchment, sunny yellow, berry red. Single full-body character: a small majestic friendly forest dragon, green and gold, with tiny wings and a book. Fluffy tactile fur texture, big glossy eyes with bright catchlights, warm golden rim light from top-left. Centered, isolated on pure white background, soft contact shadow. Square 1:1. --no text, outlines, flat 2D, cel shading"
char,char/boss-octopus.webp,魔王：湖底,"Premium storybook-style mobile game art, painterly digital illustration with soft 3D volume and depth, cozy animated film concept painting, rounded chunky shapes, warm golden afternoon sunlight from the top-left, gentle rim light, soft ambient occlusion and contact shadows. Palette of leaf green, warm wood brown, cream parchment, sunny yellow, berry red. Single full-body character: a mischievous purple lake octopus wearing a tiny crown, cheeky not scary. Fluffy tactile fur texture, big glossy eyes with bright catchlights, warm golden rim light from top-left. Centered, isolated on pure white background, soft contact shadow. Square 1:1. --no text, outlines, flat 2D, cel shading"
char,char/boss-star.webp,魔王：夜空,"Premium storybook-style mobile game art, painterly digital illustration with soft 3D volume and depth, cozy animated film concept painting, rounded chunky shapes, warm golden afternoon sunlight from the top-left, gentle rim light, soft ambient occlusion and contact shadows. Palette of leaf green, warm wood brown, cream parchment, sunny yellow, berry red. Single full-body character: a mischievous round star creature with a cape, cheeky not scary. Fluffy tactile fur texture, big glossy eyes with bright catchlights, warm golden rim light from top-left. Centered, isolated on pure white background, soft contact shadow. Square 1:1. --no text, outlines, flat 2D, cel shading"
char,char/boss-dragon.webp,魔王：森林,"Premium storybook-style mobile game art, painterly digital illustration with soft 3D volume and depth, cozy animated film concept painting, rounded chunky shapes, warm golden afternoon sunlight from the top-left, gentle rim light, soft ambient occlusion and contact shadows. Palette of leaf green, warm wood brown, cream parchment, sunny yellow, berry red. Single full-body character: a mischievous chubby mossy forest dragon, cheeky not scary. Fluffy tactile fur texture, big glossy eyes with bright catchlights, warm golden rim light from top-left. Centered, isolated on pure white background, soft contact shadow. Square 1:1. --no text, outlines, flat 2D, cel shading"
ui,ui/panel-wood.webp,標題木牌,"Game UI element with real thickness: a horizontal painted wooden sign board with rounded corners and two small nails, empty. Tactile bevels, rich warm wood grain (#8B5A2B) or thick cream parchment (#FFF4DC), small soft green leaf or vine accent, soft ambient shadow underneath, completely empty with no text. Isolated on pure white background. --no text, no letters"
ui,ui/panel-paper.webp,題目卡、內容卡,"Game UI element: thick cream parchment scroll board (#FFF4DC) pinned onto a sturdy carved rustic wooden frame, gentle beveled edges, tiny hanging green vine accent, warm drop shadow below. Empty blank surface for text display. Isolated on pure white background. --no text, no characters"
ui,ui/btn-yellow.webp,主要按鈕（開始冒險、上菜）,"Game UI element with real thickness: chunky beveled wood button base with rich warm wood grain (#8B5A2B), inset with a golden sunny-yellow (#F6C343) cushion board, small soft green leaf accent carved at corner. Rounded corners, tactile bevels, soft ambient shadow underneath, completely empty with no text. Isolated on pure white background. --no text, no letters"
ui,ui/btn-yellow-down.webp,主要按鈕（按下）,"Game UI element with real thickness: the same rounded sunny-yellow button pressed down, slightly darker and flatter. Tactile bevels, rich warm wood grain (#8B5A2B) or thick cream parchment (#FFF4DC), small soft green leaf or vine accent, soft ambient shadow underneath, completely empty with no text. Isolated on pure white background. --no text, no letters"
ui,ui/btn-green.webp,次要按鈕,"Game UI element with real thickness: a rounded leaf-green game button with a wooden rim, empty. Tactile bevels, rich warm wood grain (#8B5A2B) or thick cream parchment (#FFF4DC), small soft green leaf or vine accent, soft ambient shadow underneath, completely empty with no text. Isolated on pure white background. --no text, no letters"
ui,ui/btn-round.webp,圓形小按鈕（家、喇叭、暫停）,"Game UI element with real thickness: a round wooden button with a cream center, empty. Tactile bevels, rich warm wood grain (#8B5A2B) or thick cream parchment (#FFF4DC), small soft green leaf or vine accent, soft ambient shadow underneath, completely empty with no text. Isolated on pure white background. --no text, no letters"
ui,ui/option-card.webp,選擇題選項,"Game UI element with real thickness: a rounded cream card with a wooden frame, empty. Tactile bevels, rich warm wood grain (#8B5A2B) or thick cream parchment (#FFF4DC), small soft green leaf or vine accent, soft ambient shadow underneath, completely empty with no text. Isolated on pure white background. --no text, no letters"
ui,ui/option-right.webp,選項：答對,"Game UI element with real thickness: the same rounded card glowing soft green with tiny sparkles. Tactile bevels, rich warm wood grain (#8B5A2B) or thick cream parchment (#FFF4DC), small soft green leaf or vine accent, soft ambient shadow underneath, completely empty with no text. Isolated on pure white background. --no text, no letters"
ui,ui/option-wrong.webp,選項：再想想,"Game UI element with real thickness: the same rounded card tinted soft orange. Tactile bevels, rich warm wood grain (#8B5A2B) or thick cream parchment (#FFF4DC), small soft green leaf or vine accent, soft ambient shadow underneath, completely empty with no text. Isolated on pure white background. --no text, no letters"
ui,ui/tabbar.webp,底部導覽列,"Game UI element with real thickness: a long horizontal wooden plank bar with rounded ends. Tactile bevels, rich warm wood grain (#8B5A2B) or thick cream parchment (#FFF4DC), small soft green leaf or vine accent, soft ambient shadow underneath, completely empty with no text. Isolated on pure white background. --no text, no letters"
ui,ui/progress-vine.webp,進度條底,"Game UI element with real thickness: a horizontal empty wooden progress bar groove with a vine wrapped around. Tactile bevels, rich warm wood grain (#8B5A2B) or thick cream parchment (#FFF4DC), small soft green leaf or vine accent, soft ambient shadow underneath, completely empty with no text. Isolated on pure white background. --no text, no letters"
ui,ui/progress-fill.webp,進度條填色,"Game UI element with real thickness: a horizontal glowing leaf-green progress fill bar. Tactile bevels, rich warm wood grain (#8B5A2B) or thick cream parchment (#FFF4DC), small soft green leaf or vine accent, soft ambient shadow underneath, completely empty with no text. Isolated on pure white background. --no text, no letters"
ui,ui/bubble.webp,角色對話框,"Game UI element with real thickness: a cream speech bubble with a small tail at the bottom-left, empty. Tactile bevels, rich warm wood grain (#8B5A2B) or thick cream parchment (#FFF4DC), small soft green leaf or vine accent, soft ambient shadow underneath, completely empty with no text. Isolated on pure white background. --no text, no letters"
ui,ui/frame-card.webp,遊戲卡外框,"Game UI element with real thickness: a rounded wooden picture frame card with a small leaf decoration on top, empty. Tactile bevels, rich warm wood grain (#8B5A2B) or thick cream parchment (#FFF4DC), small soft green leaf or vine accent, soft ambient shadow underneath, completely empty with no text. Isolated on pure white background. --no text, no letters"
icon,icon/coin.webp,金幣（橡果代幣）,"Chunky 3D game icon: stylized golden oak acorn coin, carved wooden cap texture, polished glowing nut body, 3/4 angle, chunky rounded shape with soft highlights. Isolated on pure white background, soft drop shadow. Square 1:1. --no text, flat vector"
icon,icon/star.webp,星星,"Chunky 3D game icon: adorable puffy five-pointed star with rounded bulbous tips, rich sunny yellow and honey tones, soft glossy ambient reflection, warm rim light from top-left, slight bevel edge, readable at tiny size. Isolated on pure white background, soft drop shadow. Square 1:1. --no text, flat vector"
icon,icon/star-empty.webp,空星星,"Chunky 3D game icon: a pale empty star outline, cream. Rounded bulbous shape, soft glossy ambient reflection, warm rim light from top-left, slight bevel edge, readable at tiny size. Isolated on pure white background, soft drop shadow. Square 1:1. --no text, flat vector"
icon,icon/heart.webp,愛心（魔王血量）,"Chunky 3D game icon: a plump red heart. Rounded bulbous shape, soft glossy ambient reflection, warm rim light from top-left, slight bevel edge, readable at tiny size. Isolated on pure white background, soft drop shadow. Square 1:1. --no text, flat vector"
icon,icon/sticker.webp,收藏,"Chunky 3D game icon: a round badge with a ribbon. Rounded bulbous shape, soft glossy ambient reflection, warm rim light from top-left, slight bevel edge, readable at tiny size. Isolated on pure white background, soft drop shadow. Square 1:1. --no text, flat vector"
icon,icon/calendar.webp,這週天數,"Chunky 3D game icon: a small wooden desk calendar. Rounded bulbous shape, soft glossy ambient reflection, warm rim light from top-left, slight bevel edge, readable at tiny size. Isolated on pure white background, soft drop shadow. Square 1:1. --no text, flat vector"
icon,icon/parent.webp,家長專區,"Chunky 3D game icon: a cozy little house with a heart on the door. Rounded bulbous shape, soft glossy ambient reflection, warm rim light from top-left, slight bevel edge, readable at tiny size. Isolated on pure white background, soft drop shadow. Square 1:1. --no text, flat vector"
icon,icon/sound.webp,再聽一次,"Chunky 3D game icon: a small wooden horn speaker with sound waves made of leaves. Rounded bulbous shape, soft glossy ambient reflection, warm rim light from top-left, slight bevel edge, readable at tiny size. Isolated on pure white background, soft drop shadow. Square 1:1. --no text, flat vector"
icon,icon/hint.webp,提示,"Chunky 3D game icon: a glowing firefly lantern. Rounded bulbous shape, soft glossy ambient reflection, warm rim light from top-left, slight bevel edge, readable at tiny size. Isolated on pure white background, soft drop shadow. Square 1:1. --no text, flat vector"
icon,icon/nav-island.webp,導覽：小島,"Chunky 3D game icon: a tiny island with a palm tree. Rounded bulbous shape, soft glossy ambient reflection, warm rim light from top-left, slight bevel edge, readable at tiny size. Isolated on pure white background, soft drop shadow. Square 1:1. --no text, flat vector"
icon,icon/nav-explore.webp,導覽：探險,"Chunky 3D game icon: a brass compass. Rounded bulbous shape, soft glossy ambient reflection, warm rim light from top-left, slight bevel edge, readable at tiny size. Isolated on pure white background, soft drop shadow. Square 1:1. --no text, flat vector"
icon,icon/nav-story.webp,導覽：故事,"Chunky 3D game icon: an open storybook. Rounded bulbous shape, soft glossy ambient reflection, warm rim light from top-left, slight bevel edge, readable at tiny size. Isolated on pure white background, soft drop shadow. Square 1:1. --no text, flat vector"
icon,icon/nav-home.webp,導覽：小屋,"Chunky 3D game icon: a small cottage with a red roof. Rounded bulbous shape, soft glossy ambient reflection, warm rim light from top-left, slight bevel edge, readable at tiny size. Isolated on pure white background, soft drop shadow. Square 1:1. --no text, flat vector"
icon,icon/subj-zh.webp,國語島,"Chunky 3D game icon: three wooden letter tiles stacked, blank faces (zhuyin will be overlaid by the app). Rounded bulbous shape, soft glossy ambient reflection, warm rim light from top-left, slight bevel edge, readable at tiny size. Isolated on pure white background, soft drop shadow. Square 1:1. --no text, flat vector"
icon,icon/subj-ma.webp,數學島,"Chunky 3D game icon: three wooden counting blocks and an abacus. Rounded bulbous shape, soft glossy ambient reflection, warm rim light from top-left, slight bevel edge, readable at tiny size. Isolated on pure white background, soft drop shadow. Square 1:1. --no text, flat vector"
icon,icon/subj-en.webp,英文島,"Chunky 3D game icon: colorful wooden alphabet blocks among flowers, blank faces. Rounded bulbous shape, soft glossy ambient reflection, warm rim light from top-left, slight bevel edge, readable at tiny size. Isolated on pure white background, soft drop shadow. Square 1:1. --no text, flat vector"
icon,icon/portal-lessons.webp,入口：學習步道,"Chunky 3D game icon: a signpost on a forest path. Rounded bulbous shape, soft glossy ambient reflection, warm rim light from top-left, slight bevel edge, readable at tiny size. Isolated on pure white background, soft drop shadow. Square 1:1. --no text, flat vector"
icon,icon/portal-library.webp,入口：故事屋,"Chunky 3D game icon: a little treehouse with books in the window. Rounded bulbous shape, soft glossy ambient reflection, warm rim light from top-left, slight bevel edge, readable at tiny size. Isolated on pure white background, soft drop shadow. Square 1:1. --no text, flat vector"
icon,icon/portal-garage.webp,入口：賽車車庫,"Chunky 3D game icon: a small wooden race car with leaf decorations. Rounded bulbous shape, soft glossy ambient reflection, warm rim light from top-left, slight bevel edge, readable at tiny size. Isolated on pure white background, soft drop shadow. Square 1:1. --no text, flat vector"
icon,icon/ui-see.webp,學習步道：認識,"Chunky 3D game icon: a pair of big friendly round cartoon eyes peeking over a green leaf. Rounded bulbous shape, soft glossy ambient reflection, warm rim light from top-left, slight bevel edge, readable at tiny size. Isolated on pure white background, soft drop shadow. Square 1:1. --no text, flat vector"
icon,icon/ui-song.webp,學習步道：兒歌,"Chunky 3D game icon: a chunky carved wooden music note with a small green leaf. Rounded bulbous shape, soft glossy ambient reflection, warm rim light from top-left, slight bevel edge, readable at tiny size. Isolated on pure white background, soft drop shadow. Square 1:1. --no text, flat vector"
icon,icon/ui-again.webp,再玩一次,"Chunky 3D game icon: a circular arrow made of a curled green vine with two leaves. Rounded bulbous shape, soft glossy ambient reflection, warm rim light from top-left, slight bevel edge, readable at tiny size. Isolated on pure white background, soft drop shadow. Square 1:1. --no text, flat vector"
icon,icon/ui-next.webp,下一站,"Chunky 3D game icon: a small wooden arrow signpost pointing to the right. Rounded bulbous shape, soft glossy ambient reflection, warm rim light from top-left, slight bevel edge, readable at tiny size. Isolated on pure white background, soft drop shadow. Square 1:1. --no text, flat vector"
icon,icon/ui-play.webp,開始（播放）,"Chunky 3D game icon: a round leaf-green play button made of carved wood with a cream triangle. Rounded bulbous shape, soft glossy ambient reflection, warm rim light from top-left, slight bevel edge, readable at tiny size. Isolated on pure white background, soft drop shadow. Square 1:1. --no text, flat vector"
icon,icon/ui-challenge.webp,挑戰難一點,"Chunky 3D game icon: a small rocky mountain peak with a red flag on top. Rounded bulbous shape, soft glossy ambient reflection, warm rim light from top-left, slight bevel edge, readable at tiny size. Isolated on pure white background, soft drop shadow. Square 1:1. --no text, flat vector"
icon,icon/ui-gift.webp,新裝飾／禮物,"Chunky 3D game icon: a small wrapped gift box with a green leaf ribbon bow. Rounded bulbous shape, soft glossy ambient reflection, warm rim light from top-left, slight bevel edge, readable at tiny size. Isolated on pure white background, soft drop shadow. Square 1:1. --no text, flat vector"
icon,icon/ui-puzzle.webp,益智島,"Chunky 3D game icon: a single chunky wooden jigsaw puzzle piece with a tiny leaf. Rounded bulbous shape, soft glossy ambient reflection, warm rim light from top-left, slight bevel edge, readable at tiny size. Isolated on pure white background, soft drop shadow. Square 1:1. --no text, flat vector"
icon,icon/ui-speed.webp,車庫：速度,"Chunky 3D game icon: a small carved wooden rocket with leaf fins. Rounded bulbous shape, soft glossy ambient reflection, warm rim light from top-left, slight bevel edge, readable at tiny size. Isolated on pure white background, soft drop shadow. Square 1:1. --no text, flat vector"
icon,icon/ui-engine.webp,車庫：引擎,"Chunky 3D game icon: a polished brass gear cog. Rounded bulbous shape, soft glossy ambient reflection, warm rim light from top-left, slight bevel edge, readable at tiny size. Isolated on pure white background, soft drop shadow. Square 1:1. --no text, flat vector"
icon,icon/ui-tire.webp,車庫：輪胎,"Chunky 3D game icon: a chunky wooden wheel with a dark rubber tire. Rounded bulbous shape, soft glossy ambient reflection, warm rim light from top-left, slight bevel edge, readable at tiny size. Isolated on pure white background, soft drop shadow. Square 1:1. --no text, flat vector"
icon,icon/av-unicorn.webp,頭像：獨角獸,"Chunky 3D game icon: head-and-shoulders portrait of a cute baby unicorn with a pastel mane, facing forward. Rounded bulbous shape, soft glossy ambient reflection, warm rim light from top-left, slight bevel edge, readable at tiny size. Isolated on pure white background, soft drop shadow. Square 1:1. --no text, flat vector"
icon,icon/av-astronaut.webp,頭像：太空人,"Chunky 3D game icon: head-and-shoulders portrait of a cute raccoon kid wearing a round space helmet, facing forward. Rounded bulbous shape, soft glossy ambient reflection, warm rim light from top-left, slight bevel edge, readable at tiny size. Isolated on pure white background, soft drop shadow. Square 1:1. --no text, flat vector"
icon,icon/av-wizard.webp,頭像：小巫師,"Chunky 3D game icon: head-and-shoulders portrait of a cute owlet wearing a starry wizard hat, facing forward. Rounded bulbous shape, soft glossy ambient reflection, warm rim light from top-left, slight bevel edge, readable at tiny size. Isolated on pure white background, soft drop shadow. Square 1:1. --no text, flat vector"
icon,icon/av-hero.webp,頭像：超級英雄,"Chunky 3D game icon: head-and-shoulders portrait of a cute hedgehog kid with a red cape and mask, facing forward. Rounded bulbous shape, soft glossy ambient reflection, warm rim light from top-left, slight bevel edge, readable at tiny size. Isolated on pure white background, soft drop shadow. Square 1:1. --no text, flat vector"
icon,icon/av-ninja.webp,頭像：小忍者,"Chunky 3D game icon: head-and-shoulders portrait of a cute red panda kid in a dark ninja hood, facing forward. Rounded bulbous shape, soft glossy ambient reflection, warm rim light from top-left, slight bevel edge, readable at tiny size. Isolated on pure white background, soft drop shadow. Square 1:1. --no text, flat vector"
game,game/e1.webp,字母音氣球（聽聲音，點破正確的氣球！）,"Game menu card illustration: miniature storybook diorama of: colorful balloons floating up with a fox holding strings. 3/4 perspective, rounded focal composition, soft golden afternoon rim light, soft volumetric light. Isolated on pure white background. Square 1:1. --no text, letters, numbers"
game,game/e2.webp,單字翻翻樂（翻開卡片，找出一對的好朋友！）,"Game menu card illustration: miniature storybook diorama of: two flipped picture cards facing up on a wooden table. 3/4 perspective, rounded focal composition, soft golden afternoon rim light, soft volumetric light. Isolated on pure white background. Square 1:1. --no text, letters, numbers"
game,game/e3.webp,拼字工廠（聽單字，把字母一個一個拼出來！）,"Game menu card illustration: miniature storybook diorama of: a little wooden word factory machine with conveyor belt. 3/4 perspective, rounded focal composition, soft golden afternoon rim light, soft volumetric light. Isolated on pure white background. Square 1:1. --no text, letters, numbers"
game,game/e4.webp,句子積木（把單字積木排成正確的句子！）,"Game menu card illustration: miniature storybook diorama of: stacked wooden building blocks forming a bridge. 3/4 perspective, rounded focal composition, soft golden afternoon rim light, soft volumetric light. Isolated on pure white background. Square 1:1. --no text, letters, numbers"
game,game/e5.webp,聽力冒險跑酷（聽指令，選對的門才能繼續跑！）,"Game menu card illustration: miniature storybook diorama of: a fox running along a forest path with arrows. 3/4 perspective, rounded focal composition, soft golden afternoon rim light, soft volumetric light. Isolated on pure white background. Square 1:1. --no text, letters, numbers"
game,game/m1.webp,數感釣魚（看題目，釣起正確的魚！）,"Game menu card illustration: miniature storybook diorama of: a fox fishing from a dock with numbered fish bobbers (blank). 3/4 perspective, rounded focal composition, soft golden afternoon rim light, soft volumetric light. Isolated on pure white background. Square 1:1. --no text, letters, numbers"
game,game/m2.webp,算式賽車（算得又快又對，賽車就會加速！）,"Game menu card illustration: miniature storybook diorama of: two wooden race cars on a track. 3/4 perspective, rounded focal composition, soft golden afternoon rim light, soft volumetric light. Isolated on pure white background. Square 1:1. --no text, letters, numbers"
game,game/m3.webp,小小店長（你是小店長！幫客人算錢、找零。）,"Game menu card illustration: miniature storybook diorama of: a small wooden market stall with fruit and coins. 3/4 perspective, rounded focal composition, soft golden afternoon rim light, soft volumetric light. Isolated on pure white background. Square 1:1. --no text, letters, numbers"
game,game/m4.webp,幾何建築師（認識形狀，在格子上蓋出指定的圖形！）,"Game menu card illustration: miniature storybook diorama of: wooden geometric blocks: triangle, square, circle. 3/4 perspective, rounded focal composition, soft golden afternoon rim light, soft volumetric light. Isolated on pure white background. Square 1:1. --no text, letters, numbers"
game,game/m5.webp,數字偵探（找出規律、解開謎題，你是小偵探！）,"Game menu card illustration: miniature storybook diorama of: a magnifying glass over footprints. 3/4 perspective, rounded focal composition, soft golden afternoon rim light, soft volumetric light. Isolated on pure white background. Square 1:1. --no text, letters, numbers"
game,game/c1.webp,注音拼讀列車（聽聲音，把注音車廂掛上火車！）,"Game menu card illustration: miniature storybook diorama of: a little steam train with blank wooden carriages. 3/4 perspective, rounded focal composition, soft golden afternoon rim light, soft volumetric light. Isolated on pure white background. Square 1:1. --no text, letters, numbers"
game,game/c2.webp,筆順小畫家（跟著筆順，一筆一畫把字寫出來！）,"Game menu card illustration: miniature storybook diorama of: a calligraphy brush and ink stone with a leaf. 3/4 perspective, rounded focal composition, soft golden afternoon rim light, soft volumetric light. Isolated on pure white background. Square 1:1. --no text, letters, numbers"
game,game/c3.webp,部件拼字工坊（把部件組合起來，變出一個字！）,"Game menu card illustration: miniature storybook diorama of: two wooden puzzle pieces fitting together. 3/4 perspective, rounded focal composition, soft golden afternoon rim light, soft volumetric light. Isolated on pure white background. Square 1:1. --no text, letters, numbers"
game,game/c4.webp,錯字抓抓樂（句子裡藏了錯字，把它抓出來！）,"Game menu card illustration: miniature storybook diorama of: a magnifying glass over a page with a bug. 3/4 perspective, rounded focal composition, soft golden afternoon rim light, soft volumetric light. Isolated on pure white background. Square 1:1. --no text, letters, numbers"
game,game/c5.webp,詞語接龍擂台（小狐狸出題，你來接招！）,"Game menu card illustration: miniature storybook diorama of: two friendly kids on a small wooden stage holding banners (blank). 3/4 perspective, rounded focal composition, soft golden afternoon rim light, soft volumetric light. Isolated on pure white background. Square 1:1. --no text, letters, numbers"
game,game/e6.webp,故事偵探（讀故事、回答問題，再找出證據！）,"Game menu card illustration: miniature storybook diorama of: a fox detective with a hat and magnifying glass reading. 3/4 perspective, rounded focal composition, soft golden afternoon rim light, soft volumetric light. Isolated on pure white background. Square 1:1. --no text, letters, numbers"
game,game/c8.webp,閱讀探險島（讀短文、回答問題，再指出證據在哪一句！）,"Game menu card illustration: miniature storybook diorama scene of a tiny wooden cottage shaped like an open book, soft green moss roof, glowing warm lamp by the door, 3/4 perspective, rounded composition, soft golden afternoon rim light. Isolated on pure white background. Square 1:1. --no text, letters, alphabet"
game,game/e7.webp,情境對話（聽聽他說什麼，選一句回答，再跟著說一次！）,"Game menu card illustration: miniature storybook diorama of: two animals chatting with speech bubbles (blank). 3/4 perspective, rounded focal composition, soft golden afternoon rim light, soft volumetric light. Isolated on pure white background. Square 1:1. --no text, letters, numbers"
game,game/m6.webp,數字廚房（照著訂單準備餐點，動手排一排、分一分！）,"Game menu card illustration: miniature storybook diorama of a chubby clay baker's oven surrounded by tiny fresh round pies and berries on a wooden slab, soft volumetric light, rounded focal composition. Isolated on pure white background. Square 1:1. --no text, numbers"
game,game/c6.webp,字詞配對森林（翻開卡片，把一對的字詞找出來！）,"Game menu card illustration: miniature storybook diorama of: a forest of trees with matching cards hanging. 3/4 perspective, rounded focal composition, soft golden afternoon rim light, soft volumetric light. Isolated on pure white background. Square 1:1. --no text, letters, numbers"
game,game/c7.webp,句子修理店（句子壞掉了！把它排回通順的樣子。）,"Game menu card illustration: miniature storybook diorama of: a wrench and screwdriver fixing a wooden sign. 3/4 perspective, rounded focal composition, soft golden afternoon rim light, soft volumetric light. Isolated on pure white background. Square 1:1. --no text, letters, numbers"
game,game/c10.webp,詞語連連看（先點左邊的詞語，再點右邊和它配對的那一個！）,"Game menu card illustration: miniature storybook diorama of: two dots connected by a rope bridge. 3/4 perspective, rounded focal composition, soft golden afternoon rim light, soft volumetric light. Isolated on pure white background. Square 1:1. --no text, letters, numbers"
game,game/c9.webp,注音組裝站（聽一聽這個字，選出聲母、韻母和聲調，把車廂接起來！）,"Game menu card illustration: miniature storybook diorama of: a train track with three blank carriages. 3/4 perspective, rounded focal composition, soft golden afternoon rim light, soft volumetric light. Isolated on pure white background. Square 1:1. --no text, letters, numbers"
game,game/c11.webp,塗色找找看（聽一聽、看一看，點出對的東西，它就會變成彩色的！）,"Game menu card illustration: miniature storybook diorama of: crayons coloring a half-colored picture. 3/4 perspective, rounded focal composition, soft golden afternoon rim light, soft volumetric light. Isolated on pure white background. Square 1:1. --no text, letters, numbers"
game,game/e8.webp,Picture Hunt（聽英文，點出對的東西，它就會變成彩色的！）,"Game menu card illustration: miniature storybook diorama of: crayons coloring a half-colored picture with a flower. 3/4 perspective, rounded focal composition, soft golden afternoon rim light, soft volumetric light. Isolated on pure white background. Square 1:1. --no text, letters, numbers"
game,game/c12.webp,分類木樁（每個字詞都有自己的家，把它們放到對的木樁上！）,"Game menu card illustration: miniature storybook diorama of: three wooden posts in water with signs (blank). 3/4 perspective, rounded focal composition, soft golden afternoon rim light, soft volumetric light. Isolated on pure white background. Square 1:1. --no text, letters, numbers"
game,game/e9.webp,Word Sort（把英文字放到對的木樁上：一樣的聲音、一樣的種類住在一起！）,"Game menu card illustration: miniature storybook diorama of: three wooden posts in water with flowers. 3/4 perspective, rounded focal composition, soft golden afternoon rim light, soft volumetric light. Isolated on pure white background. Square 1:1. --no text, letters, numbers"
game,game/m9.webp,數學分類木樁（把數字和形狀放到對的木樁上！）,"Game menu card illustration: miniature storybook diorama of: three wooden posts in water with stones. 3/4 perspective, rounded focal composition, soft golden afternoon rim light, soft volumetric light. Isolated on pure white background. Square 1:1. --no text, letters, numbers"
game,game/c13.webp,注音家族（一樣的韻母是一家人！把聲母磁鐵拖到前面，拼出新的字。）,"Game menu card illustration: miniature storybook diorama of: a horseshoe magnet attracting blank wooden tiles. 3/4 perspective, rounded focal composition, soft golden afternoon rim light, soft volumetric light. Isolated on pure white background. Square 1:1. --no text, letters, numbers"
game,game/e10.webp,Make-a-Word（把字母磁鐵拖到前面，拼出新的英文字！）,"Game menu card illustration: miniature storybook diorama of: a horseshoe magnet with blank alphabet blocks. 3/4 perspective, rounded focal composition, soft golden afternoon rim light, soft volumetric light. Isolated on pure white background. Square 1:1. --no text, letters, numbers"
game,game/m7.webp,加法機器（拉一下拉桿，機器就會出題！看圖、看數線，算出答案。）,"Game menu card illustration: miniature storybook diorama of: a cute wooden machine with a red lever. 3/4 perspective, rounded focal composition, soft golden afternoon rim light, soft volumetric light. Isolated on pure white background. Square 1:1. --no text, letters, numbers"
game,game/m8.webp,數字泡泡（照順序把泡泡戳破！可以往前數、倒著數，也可以跳著數。）,"Game menu card illustration: miniature storybook diorama of: soap bubbles of different colors. 3/4 perspective, rounded focal composition, soft golden afternoon rim light, soft volumetric light. Isolated on pure white background. Square 1:1. --no text, letters, numbers"
game,game/c14.webp,井字棋擂台（選對的字才能放上你的棋子，三個連成一條線就贏了！可以跟電腦或家人對戰,"Game menu card illustration: miniature storybook diorama of: a wooden tic-tac-toe board with acorns and leaves as pieces. 3/4 perspective, rounded focal composition, soft golden afternoon rim light, soft volumetric light. Isolated on pure white background. Square 1:1. --no text, letters, numbers"
game,game/c15.webp,成語蜂巢（看看意思，從蜂巢裡照順序點出成語的四個字！）,"Game menu card illustration: miniature storybook diorama of: a honeycomb with a friendly bee. 3/4 perspective, rounded focal composition, soft golden afternoon rim light, soft volumetric light. Isolated on pure white background. Square 1:1. --no text, letters, numbers"
game,game/m10.webp,我的月曆（這是這個月的月曆！點點看日期，再回答月曆的問題。）,"Game menu card illustration: miniature storybook diorama of: a wooden wall calendar with a flower on one day. 3/4 perspective, rounded focal composition, soft golden afternoon rim light, soft volumetric light. Isolated on pure white background. Square 1:1. --no text, letters, numbers"
game,game/pz-match.webp,水果三消（交換相鄰的水果，三個一樣就消掉！）,"Game menu card illustration: miniature storybook diorama of: three strawberries in a row on a board. 3/4 perspective, rounded focal composition, soft golden afternoon rim light, soft volumetric light. Isolated on pure white background. Square 1:1. --no text, letters, numbers"
game,game/pz-tetris.webp,方塊下落（轉一轉、移一移，把一整排填滿就會消掉！）,"Game menu card illustration: miniature storybook diorama of: falling wooden tetromino blocks. 3/4 perspective, rounded focal composition, soft golden afternoon rim light, soft volumetric light. Isolated on pure white background. Square 1:1. --no text, letters, numbers"
game,game/pz-merge.webp,數字合成（往同一個方向滑，一樣的數字會合在一起！）,"Game menu card illustration: miniature storybook diorama of: two wooden number tiles merging (blank). 3/4 perspective, rounded focal composition, soft golden afternoon rim light, soft volumetric light. Isolated on pure white background. Square 1:1. --no text, letters, numbers"
game,game/pz-blocks.webp,方塊拼圖（把所有拼塊放進板子裡，剛好填滿！）,"Game menu card illustration: miniature storybook diorama of: colorful wooden puzzle shapes fitting into a tray. 3/4 perspective, rounded focal composition, soft golden afternoon rim light, soft volumetric light. Isolated on pure white background. Square 1:1. --no text, letters, numbers"
game,game/pz-sort.webp,彩球分類（把同一種顏色的球都放進同一支管子！）,"Game menu card illustration: miniature storybook diorama of: glass tubes with colored balls. 3/4 perspective, rounded focal composition, soft golden afternoon rim light, soft volumetric light. Isolated on pure white background. Square 1:1. --no text, letters, numbers"
item,item/1f431.webp,🐱 小貓、貓,"Single 3D storybook game object: cat (小貓、貓), as in the emoji 🐱. Chunky rounded proportions, tactile material detail, 3/4 angle from slightly above, soft volumetric shading and specular highlight, soft contact shadow. Centered, isolated on pure white background. Square 1:1. --no text, flat vector, outlines"
item,item/1f436.webp,🐶 小狗、狗,"Single 3D storybook game object: dog (小狗、狗), as in the emoji 🐶. Chunky rounded proportions, tactile material detail, 3/4 angle from slightly above, soft volumetric shading and specular highlight, soft contact shadow. Centered, isolated on pure white background. Square 1:1. --no text, flat vector, outlines"
item,item/1f430.webp,🐰 兔子,"Single 3D storybook game object: rabbit (兔子), as in the emoji 🐰. Chunky rounded proportions, tactile material detail, 3/4 angle from slightly above, soft volumetric shading and specular highlight, soft contact shadow. Centered, isolated on pure white background. Square 1:1. --no text, flat vector, outlines"
item,item/1f437.webp,🐷 小豬、豬、胖的,"Single 3D storybook game object: pig (小豬、豬、胖的), as in the emoji 🐷. Chunky rounded proportions, tactile material detail, 3/4 angle from slightly above, soft volumetric shading and specular highlight, soft contact shadow. Centered, isolated on pure white background. Square 1:1. --no text, flat vector, outlines"
item,item/1f426.webp,🐦 小鳥、鳥,"Single 3D storybook game object: bird (小鳥、鳥), as in the emoji 🐦. Chunky rounded proportions, tactile material detail, 3/4 angle from slightly above, soft volumetric shading and specular highlight, soft contact shadow. Centered, isolated on pure white background. Square 1:1. --no text, flat vector, outlines"
item,item/1f420.webp,🐠 金魚,"Single 3D storybook game object: 金魚, as in the emoji 🐠. Chunky rounded proportions, tactile material detail, 3/4 angle from slightly above, soft volumetric shading and specular highlight, soft contact shadow. Centered, isolated on pure white background. Square 1:1. --no text, flat vector, outlines"
item,item/1f418.webp,🐘 大象、灰色、大的,"Single 3D storybook game object: gray (大象、灰色、大的), as in the emoji 🐘. Chunky rounded proportions, tactile material detail, 3/4 angle from slightly above, soft volumetric shading and specular highlight, soft contact shadow. Centered, isolated on pure white background. Square 1:1. --no text, flat vector, outlines"
item,item/1f992.webp,🦒 長頸鹿、高的、動物園,"Single 3D storybook game object: giraffe (長頸鹿、高的、動物園), as in the emoji 🦒. Chunky rounded proportions, tactile material detail, 3/4 angle from slightly above, soft volumetric shading and specular highlight, soft contact shadow. Centered, isolated on pure white background. Square 1:1. --no text, flat vector, outlines"
item,item/1f435.webp,🐵 猴子,"Single 3D storybook game object: monkey (猴子), as in the emoji 🐵. Chunky rounded proportions, tactile material detail, 3/4 angle from slightly above, soft volumetric shading and specular highlight, soft contact shadow. Centered, isolated on pure white background. Square 1:1. --no text, flat vector, outlines"
item,item/1f42f.webp,🐯 老虎,"Single 3D storybook game object: tiger (老虎), as in the emoji 🐯. Chunky rounded proportions, tactile material detail, 3/4 angle from slightly above, soft volumetric shading and specular highlight, soft contact shadow. Centered, isolated on pure white background. Square 1:1. --no text, flat vector, outlines"
item,item/1f422.webp,🐢 烏龜、慢的、慢慢地,"Single 3D storybook game object: turtle (烏龜、慢的、慢慢地), as in the emoji 🐢. Chunky rounded proportions, tactile material detail, 3/4 angle from slightly above, soft volumetric shading and specular highlight, soft contact shadow. Centered, isolated on pure white background. Square 1:1. --no text, flat vector, outlines"
item,item/1f438.webp,🐸 青蛙,"Single 3D storybook game object: frog (青蛙), as in the emoji 🐸. Chunky rounded proportions, tactile material detail, 3/4 angle from slightly above, soft volumetric shading and specular highlight, soft contact shadow. Centered, isolated on pure white background. Square 1:1. --no text, flat vector, outlines"
item,item/1f425.webp,🐥 小雞,"Single 3D storybook game object: chick (小雞), as in the emoji 🐥. Chunky rounded proportions, tactile material detail, 3/4 angle from slightly above, soft volumetric shading and specular highlight, soft contact shadow. Centered, isolated on pure white background. Square 1:1. --no text, flat vector, outlines"
item,item/1f411.webp,🐑 綿羊,"Single 3D storybook game object: sheep (綿羊), as in the emoji 🐑. Chunky rounded proportions, tactile material detail, 3/4 angle from slightly above, soft volumetric shading and specular highlight, soft contact shadow. Centered, isolated on pure white background. Square 1:1. --no text, flat vector, outlines"
item,item/1f98b.webp,🦋 蝴蝶、蛾,"Single 3D storybook game object: butterfly (蝴蝶、蛾), as in the emoji 🦋. Chunky rounded proportions, tactile material detail, 3/4 angle from slightly above, soft volumetric shading and specular highlight, soft contact shadow. Centered, isolated on pure white background. Square 1:1. --no text, flat vector, outlines"
item,item/1f41d.webp,🐝 蜜蜂,"Single 3D storybook game object: bee (蜜蜂), as in the emoji 🐝. Chunky rounded proportions, tactile material detail, 3/4 angle from slightly above, soft volumetric shading and specular highlight, soft contact shadow. Centered, isolated on pure white background. Square 1:1. --no text, flat vector, outlines"
item,item/1f427.webp,🐧 企鵝、矮的／短的,"Single 3D storybook game object: short (企鵝、矮的／短的), as in the emoji 🐧. Chunky rounded proportions, tactile material detail, 3/4 angle from slightly above, soft volumetric shading and specular highlight, soft contact shadow. Centered, isolated on pure white background. Square 1:1. --no text, flat vector, outlines"
item,item/1f43c.webp,🐼 熊貓,"Single 3D storybook game object: panda (熊貓), as in the emoji 🐼. Chunky rounded proportions, tactile material detail, 3/4 angle from slightly above, soft volumetric shading and specular highlight, soft contact shadow. Centered, isolated on pure white background. Square 1:1. --no text, flat vector, outlines"
item,item/1f433.webp,🐳 鯨魚,"Single 3D storybook game object: 鯨魚, as in the emoji 🐳. Chunky rounded proportions, tactile material detail, 3/4 angle from slightly above, soft volumetric shading and specular highlight, soft contact shadow. Centered, isolated on pure white background. Square 1:1. --no text, flat vector, outlines"
item,item/1f980.webp,🦀 螃蟹,"Single 3D storybook game object: crab (螃蟹), as in the emoji 🦀. Chunky rounded proportions, tactile material detail, 3/4 angle from slightly above, soft volumetric shading and specular highlight, soft contact shadow. Centered, isolated on pure white background. Square 1:1. --no text, flat vector, outlines"
item,item/1f434.webp,🐴 馬、小馬,"Single 3D storybook game object: horse (馬、小馬), as in the emoji 🐴. Chunky rounded proportions, tactile material detail, 3/4 angle from slightly above, soft volumetric shading and specular highlight, soft contact shadow. Centered, isolated on pure white background. Square 1:1. --no text, flat vector, outlines"
item,item/1f34e.webp,🍎 蘋果、紅色、水果,"Single 3D storybook game object: round chubby red apple, tiny natural yellow freckles, short wooden stem with one curved green leaf, soft glossy highlight from top-left, soft contact shadow. Centered, isolated on pure white background. Square 1:1. --no text, flat lines"
item,item/1f34c.webp,🍌 香蕉,"Single 3D storybook game object: banana (香蕉), as in the emoji 🍌. Chunky rounded proportions, tactile material detail, 3/4 angle from slightly above, soft volumetric shading and specular highlight, soft contact shadow. Centered, isolated on pure white background. Square 1:1. --no text, flat vector, outlines"
item,item/1f349.webp,🍉 西瓜,"Single 3D storybook game object: watermelon (西瓜), as in the emoji 🍉. Chunky rounded proportions, tactile material detail, 3/4 angle from slightly above, soft volumetric shading and specular highlight, soft contact shadow. Centered, isolated on pure white background. Square 1:1. --no text, flat vector, outlines"
item,item/1f347.webp,🍇 葡萄、紫色,"Single 3D storybook game object: purple (葡萄、紫色), as in the emoji 🍇. Chunky rounded proportions, tactile material detail, 3/4 angle from slightly above, soft volumetric shading and specular highlight, soft contact shadow. Centered, isolated on pure white background. Square 1:1. --no text, flat vector, outlines"
item,item/1f353.webp,🍓 草莓,"Single 3D storybook game object: plump glossy ripe red strawberry, tiny golden seed dimples, fresh thick green calyx leaf on top, 3/4 angle from slightly above, soft volumetric shading and specular highlight, soft contact shadow. Centered, isolated on pure white background. Square 1:1. --no text, flat vector"
item,item/1f34a.webp,🍊 橘子、橘色、柳橙,"Single 3D storybook game object: orange (橘子、橘色、柳橙), as in the emoji 🍊. Chunky rounded proportions, tactile material detail, 3/4 angle from slightly above, soft volumetric shading and specular highlight, soft contact shadow. Centered, isolated on pure white background. Square 1:1. --no text, flat vector, outlines"
item,item/1f34d.webp,🍍 鳳梨,"Single 3D storybook game object: pineapple (鳳梨), as in the emoji 🍍. Chunky rounded proportions, tactile material detail, 3/4 angle from slightly above, soft volumetric shading and specular highlight, soft contact shadow. Centered, isolated on pure white background. Square 1:1. --no text, flat vector, outlines"
item,item/1f95a.webp,🥚 雞蛋、蛋,"Single 3D storybook game object: egg (雞蛋、蛋), as in the emoji 🥚. Chunky rounded proportions, tactile material detail, 3/4 angle from slightly above, soft volumetric shading and specular highlight, soft contact shadow. Centered, isolated on pure white background. Square 1:1. --no text, flat vector, outlines"
item,item/1f95b.webp,🥛 牛奶、玻璃杯,"Single 3D storybook game object: milk (牛奶、玻璃杯), as in the emoji 🥛. Chunky rounded proportions, tactile material detail, 3/4 angle from slightly above, soft volumetric shading and specular highlight, soft contact shadow. Centered, isolated on pure white background. Square 1:1. --no text, flat vector, outlines"
item,item/1f35e.webp,🍞 麵包,"Single 3D storybook game object: bread (麵包), as in the emoji 🍞. Chunky rounded proportions, tactile material detail, 3/4 angle from slightly above, soft volumetric shading and specular highlight, soft contact shadow. Centered, isolated on pure white background. Square 1:1. --no text, flat vector, outlines"
item,item/1f35a.webp,🍚 米飯、飯、飽的／滿的,"Single 3D storybook game object: rice (米飯、飯、飽的／滿的), as in the emoji 🍚. Chunky rounded proportions, tactile material detail, 3/4 angle from slightly above, soft volumetric shading and specular highlight, soft contact shadow. Centered, isolated on pure white background. Square 1:1. --no text, flat vector, outlines"
item,item/1f366.webp,🍦 冰淇淋,"Single 3D storybook game object: ice cream (冰淇淋), as in the emoji 🍦. Chunky rounded proportions, tactile material detail, 3/4 angle from slightly above, soft volumetric shading and specular highlight, soft contact shadow. Centered, isolated on pure white background. Square 1:1. --no text, flat vector, outlines"
item,item/1f382.webp,🎂 蛋糕、生日、幾歲,"Single 3D storybook game object: how old (蛋糕、生日、幾歲), as in the emoji 🎂. Chunky rounded proportions, tactile material detail, 3/4 angle from slightly above, soft volumetric shading and specular highlight, soft contact shadow. Centered, isolated on pure white background. Square 1:1. --no text, flat vector, outlines"
item,item/1f33d.webp,🌽 玉米,"Single 3D storybook game object: corn (玉米), as in the emoji 🌽. Chunky rounded proportions, tactile material detail, 3/4 angle from slightly above, soft volumetric shading and specular highlight, soft contact shadow. Centered, isolated on pure white background. Square 1:1. --no text, flat vector, outlines"
item,item/1f955.webp,🥕 紅蘿蔔,"Single 3D storybook game object: chunky plump orange carrot, rounded blunt tip, leafy green bushy top, subtle organic ridges, soft matte texture with gentle highlights, 3/4 view. Centered, isolated on pure white background. Square 1:1. --no text, flat vector"
item,item/1f392.webp,🎒 書包,"Single 3D storybook game object: bag (書包), as in the emoji 🎒. Chunky rounded proportions, tactile material detail, 3/4 angle from slightly above, soft volumetric shading and specular highlight, soft contact shadow. Centered, isolated on pure white background. Square 1:1. --no text, flat vector, outlines"
item,item/2602.webp,☂️ 雨傘,"Single 3D storybook game object: umbrella (雨傘), as in the emoji ☂️. Chunky rounded proportions, tactile material detail, 3/4 angle from slightly above, soft volumetric shading and specular highlight, soft contact shadow. Centered, isolated on pure white background. Square 1:1. --no text, flat vector, outlines"
item,item/270f.webp,✏️ 鉛筆,"Single 3D storybook game object: pencil (鉛筆), as in the emoji ✏️. Chunky rounded proportions, tactile material detail, 3/4 angle from slightly above, soft volumetric shading and specular highlight, soft contact shadow. Centered, isolated on pure white background. Square 1:1. --no text, flat vector, outlines"
item,item/2702.webp,✂️ 剪刀,"Single 3D storybook game object: scissors (剪刀), as in the emoji ✂️. Chunky rounded proportions, tactile material detail, 3/4 angle from slightly above, soft volumetric shading and specular highlight, soft contact shadow. Centered, isolated on pure white background. Square 1:1. --no text, flat vector, outlines"
item,item/23f0.webp,⏰ 時鐘、什麼時候、時間,"Single 3D storybook game object: when (時鐘、什麼時候、時間), as in the emoji ⏰. Chunky rounded proportions, tactile material detail, 3/4 angle from slightly above, soft volumetric shading and specular highlight, soft contact shadow. Centered, isolated on pure white background. Square 1:1. --no text, flat vector, outlines"
item,item/1f4de.webp,📞 電話,"Single 3D storybook game object: 電話, as in the emoji 📞. Chunky rounded proportions, tactile material detail, 3/4 angle from slightly above, soft volumetric shading and specular highlight, soft contact shadow. Centered, isolated on pure white background. Square 1:1. --no text, flat vector, outlines"
item,item/1fa91.webp,🪑 椅子、書桌、坐,"Single 3D storybook game object: desk (椅子、書桌、坐), as in the emoji 🪑. Chunky rounded proportions, tactile material detail, 3/4 angle from slightly above, soft volumetric shading and specular highlight, soft contact shadow. Centered, isolated on pure white background. Square 1:1. --no text, flat vector, outlines"
item,item/1f9e2.webp,🧢 帽子、鴨舌帽,"Single 3D storybook game object: cap (帽子、鴨舌帽), as in the emoji 🧢. Chunky rounded proportions, tactile material detail, 3/4 angle from slightly above, soft volumetric shading and specular highlight, soft contact shadow. Centered, isolated on pure white background. Square 1:1. --no text, flat vector, outlines"
item,item/1f45f.webp,👟 鞋子,"Single 3D storybook game object: shoe (鞋子), as in the emoji 👟. Chunky rounded proportions, tactile material detail, 3/4 angle from slightly above, soft volumetric shading and specular highlight, soft contact shadow. Centered, isolated on pure white background. Square 1:1. --no text, flat vector, outlines"
item,item/1f697.webp,🚗 汽車、小汽車、安全帶,"Single 3D storybook game object: car (汽車、小汽車、安全帶), as in the emoji 🚗. Chunky rounded proportions, tactile material detail, 3/4 angle from slightly above, soft volumetric shading and specular highlight, soft contact shadow. Centered, isolated on pure white background. Square 1:1. --no text, flat vector, outlines"
item,item/2708.webp,✈️ 飛機、機場、噴射機,"Single 3D storybook game object: plane (飛機、機場、噴射機), as in the emoji ✈️. Chunky rounded proportions, tactile material detail, 3/4 angle from slightly above, soft volumetric shading and specular highlight, soft contact shadow. Centered, isolated on pure white background. Square 1:1. --no text, flat vector, outlines"
item,item/1f686.webp,🚆 火車,"Single 3D storybook game object: train (火車), as in the emoji 🚆. Chunky rounded proportions, tactile material detail, 3/4 angle from slightly above, soft volumetric shading and specular highlight, soft contact shadow. Centered, isolated on pure white background. Square 1:1. --no text, flat vector, outlines"
item,item/1f6b2.webp,🚲 腳踏車、單車,"Single 3D storybook game object: bike (腳踏車、單車), as in the emoji 🚲. Chunky rounded proportions, tactile material detail, 3/4 angle from slightly above, soft volumetric shading and specular highlight, soft contact shadow. Centered, isolated on pure white background. Square 1:1. --no text, flat vector, outlines"
item,item/26f5.webp,⛵ 帆船、小船,"Single 3D storybook game object: boat (帆船、小船), as in the emoji ⛵. Chunky rounded proportions, tactile material detail, 3/4 angle from slightly above, soft volumetric shading and specular highlight, soft contact shadow. Centered, isolated on pure white background. Square 1:1. --no text, flat vector, outlines"
item,item/26bd.webp,⚽ 足球、踢球、球,"Single 3D storybook game object: ball (足球、踢球、球), as in the emoji ⚽. Chunky rounded proportions, tactile material detail, 3/4 angle from slightly above, soft volumetric shading and specular highlight, soft contact shadow. Centered, isolated on pure white background. Square 1:1. --no text, flat vector, outlines"
item,item/1f388.webp,🎈 氣球,"Single 3D storybook game object: balloon (氣球), as in the emoji 🎈. Chunky rounded proportions, tactile material detail, 3/4 angle from slightly above, soft volumetric shading and specular highlight, soft contact shadow. Centered, isolated on pure white background. Square 1:1. --no text, flat vector, outlines"
item,item/2b50.webp,⭐ 星星、重要的,"Single 3D storybook game object: star (星星、重要的), as in the emoji ⭐. Chunky rounded proportions, tactile material detail, 3/4 angle from slightly above, soft volumetric shading and specular highlight, soft contact shadow. Centered, isolated on pure white background. Square 1:1. --no text, flat vector, outlines"
item,item/1f319.webp,🌙 月亮、晚上、晚,"Single 3D storybook game object: night (月亮、晚上、晚), as in the emoji 🌙. Chunky rounded proportions, tactile material detail, 3/4 angle from slightly above, soft volumetric shading and specular highlight, soft contact shadow. Centered, isolated on pure white background. Square 1:1. --no text, flat vector, outlines"
item,item/2600.webp,☀️ 太陽、晴天、白天／一天,"Single 3D storybook game object: sunny (太陽、晴天、白天／一天), as in the emoji ☀️. Chunky rounded proportions, tactile material detail, 3/4 angle from slightly above, soft volumetric shading and specular highlight, soft contact shadow. Centered, isolated on pure white background. Square 1:1. --no text, flat vector, outlines"
item,item/26c4.webp,⛄ 雪人、雪、冬天,"Single 3D storybook game object: snow (雪人、雪、冬天), as in the emoji ⛄. Chunky rounded proportions, tactile material detail, 3/4 angle from slightly above, soft volumetric shading and specular highlight, soft contact shadow. Centered, isolated on pure white background. Square 1:1. --no text, flat vector, outlines"
item,item/1f3e0.webp,🏠 房子、拜訪、家,"Single 3D storybook game object: house (房子、拜訪、家), as in the emoji 🏠. Chunky rounded proportions, tactile material detail, 3/4 angle from slightly above, soft volumetric shading and specular highlight, soft contact shadow. Centered, isolated on pure white background. Square 1:1. --no text, flat vector, outlines"
item,item/1f511.webp,🔑 鑰匙,"Single 3D storybook game object: key (鑰匙), as in the emoji 🔑. Chunky rounded proportions, tactile material detail, 3/4 angle from slightly above, soft volumetric shading and specular highlight, soft contact shadow. Centered, isolated on pure white background. Square 1:1. --no text, flat vector, outlines"
item,item/1f468.webp,👨 爸爸、伯伯、男人,"Single 3D storybook game object: father (爸爸、伯伯、男人), as in the emoji 👨. Chunky rounded proportions, tactile material detail, 3/4 angle from slightly above, soft volumetric shading and specular highlight, soft contact shadow. Centered, isolated on pure white background. Square 1:1. --no text, flat vector, outlines"
item,item/1f964.webp,🥤 杯子、喝、可樂,"Single 3D storybook game object: drink (杯子、喝、可樂), as in the emoji 🥤. Chunky rounded proportions, tactile material detail, 3/4 angle from slightly above, soft volumetric shading and specular highlight, soft contact shadow. Centered, isolated on pure white background. Square 1:1. --no text, flat vector, outlines"
item,item/1f95f.webp,🥟 包子,"Single 3D storybook game object: 包子, as in the emoji 🥟. Chunky rounded proportions, tactile material detail, 3/4 angle from slightly above, soft volumetric shading and specular highlight, soft contact shadow. Centered, isolated on pure white background. Square 1:1. --no text, flat vector, outlines"
item,item/1f469.webp,👩 媽媽、姑姑,"Single 3D storybook game object: mother (媽媽、姑姑), as in the emoji 👩. Chunky rounded proportions, tactile material detail, 3/4 angle from slightly above, soft volumetric shading and specular highlight, soft contact shadow. Centered, isolated on pure white background. Square 1:1. --no text, flat vector, outlines"
item,item/1f36f.webp,🍯 蜂蜜,"Single 3D storybook game object: jam (蜂蜜), as in the emoji 🍯. Chunky rounded proportions, tactile material detail, 3/4 angle from slightly above, soft volumetric shading and specular highlight, soft contact shadow. Centered, isolated on pure white background. Square 1:1. --no text, flat vector, outlines"
item,item/1f4a1.webp,💡 電燈、檯燈、燈,"Single 3D storybook game object: lamp (電燈、檯燈、燈), as in the emoji 💡. Chunky rounded proportions, tactile material detail, 3/4 angle from slightly above, soft volumetric shading and specular highlight, soft contact shadow. Centered, isolated on pure white background. Square 1:1. --no text, flat vector, outlines"
item,item/1fad8.webp,🫘 豆子,"Single 3D storybook game object: 豆子, as in the emoji 🫘. Chunky rounded proportions, tactile material detail, 3/4 angle from slightly above, soft volumetric shading and specular highlight, soft contact shadow. Centered, isolated on pure white background. Square 1:1. --no text, flat vector, outlines"
item,item/1f36c.webp,🍬 糖果,"Single 3D storybook game object: candy (糖果), as in the emoji 🍬. Chunky rounded proportions, tactile material detail, 3/4 angle from slightly above, soft volumetric shading and specular highlight, soft contact shadow. Centered, isolated on pure white background. Square 1:1. --no text, flat vector, outlines"
item,item/1f475.webp,👵 奶奶、婆婆,"Single 3D storybook game object: grandmother (奶奶、婆婆), as in the emoji 👵. Chunky rounded proportions, tactile material detail, 3/4 angle from slightly above, soft volumetric shading and specular highlight, soft contact shadow. Centered, isolated on pure white background. Square 1:1. --no text, flat vector, outlines"
item,item/1f3c0.webp,🏀 籃球,"Single 3D storybook game object: basketball (籃球), as in the emoji 🏀. Chunky rounded proportions, tactile material detail, 3/4 angle from slightly above, soft volumetric shading and specular highlight, soft contact shadow. Centered, isolated on pure white background. Square 1:1. --no text, flat vector, outlines"
item,item/1f996.webp,🦖 恐龍,"Single 3D storybook game object: dinosaur (恐龍), as in the emoji 🦖. Chunky rounded proportions, tactile material detail, 3/4 angle from slightly above, soft volumetric shading and specular highlight, soft contact shadow. Centered, isolated on pure white background. Square 1:1. --no text, flat vector, outlines"
item,item/1f54a.webp,🕊️ 鴿子、飛,"Single 3D storybook game object: fly (鴿子、飛), as in the emoji 🕊️. Chunky rounded proportions, tactile material detail, 3/4 angle from slightly above, soft volumetric shading and specular highlight, soft contact shadow. Centered, isolated on pure white background. Square 1:1. --no text, flat vector, outlines"
item,item/1f456.webp,👖 褲子、長褲,"Single 3D storybook game object: pants (褲子、長褲), as in the emoji 👖. Chunky rounded proportions, tactile material detail, 3/4 angle from slightly above, soft volumetric shading and specular highlight, soft contact shadow. Centered, isolated on pure white background. Square 1:1. --no text, flat vector, outlines"
item,item/2615.webp,☕ 咖啡、杯子、馬克杯,"Single 3D storybook game object: coffee (咖啡、杯子、馬克杯), as in the emoji ☕. Chunky rounded proportions, tactile material detail, 3/4 angle from slightly above, soft volumetric shading and specular highlight, soft contact shadow. Centered, isolated on pure white background. Square 1:1. --no text, flat vector, outlines"
item,item/1f338.webp,🌸 花朵、摘花、粉紅色,"Single 3D storybook game object: pink (花朵、摘花、粉紅色), as in the emoji 🌸. Chunky rounded proportions, tactile material detail, 3/4 angle from slightly above, soft volumetric shading and specular highlight, soft contact shadow. Centered, isolated on pure white background. Square 1:1. --no text, flat vector, outlines"
item,item/1f99b.webp,🦛 河馬,"Single 3D storybook game object: hippo (河馬), as in the emoji 🦛. Chunky rounded proportions, tactile material detail, 3/4 angle from slightly above, soft volumetric shading and specular highlight, soft contact shadow. Centered, isolated on pure white background. Square 1:1. --no text, flat vector, outlines"
item,item/1f414.webp,🐔 小雞、雞、母雞,"Single 3D storybook game object: chicken (小雞、雞、母雞), as in the emoji 🐔. Chunky rounded proportions, tactile material detail, 3/4 angle from slightly above, soft volumetric shading and specular highlight, soft contact shadow. Centered, isolated on pure white background. Square 1:1. --no text, flat vector, outlines"
item,item/1f43b.webp,🐻 小熊、熊,"Single 3D storybook game object: bear (小熊、熊), as in the emoji 🐻. Chunky rounded proportions, tactile material detail, 3/4 angle from slightly above, soft volumetric shading and specular highlight, soft contact shadow. Centered, isolated on pure white background. Square 1:1. --no text, flat vector, outlines"
item,item/1f577.webp,🕷️ 蜘蛛,"Single 3D storybook game object: 蜘蛛, as in the emoji 🕷️. Chunky rounded proportions, tactile material detail, 3/4 angle from slightly above, soft volumetric shading and specular highlight, soft contact shadow. Centered, isolated on pure white background. Square 1:1. --no text, flat vector, outlines"
item,item/1f4c4.webp,📄 紙張、一張紙、紙,"Single 3D storybook game object: paper (紙張、一張紙、紙), as in the emoji 📄. Chunky rounded proportions, tactile material detail, 3/4 angle from slightly above, soft volumetric shading and specular highlight, soft contact shadow. Centered, isolated on pure white background. Square 1:1. --no text, flat vector, outlines"
item,item/1fa9f.webp,🪟 窗戶,"Single 3D storybook game object: window (窗戶), as in the emoji 🪟. Chunky rounded proportions, tactile material detail, 3/4 angle from slightly above, soft volumetric shading and specular highlight, soft contact shadow. Centered, isolated on pure white background. Square 1:1. --no text, flat vector, outlines"
item,item/1f4d6.webp,📖 看書、書、閱讀,"Single 3D storybook game object: book (看書、書、閱讀), as in the emoji 📖. Chunky rounded proportions, tactile material detail, 3/4 angle from slightly above, soft volumetric shading and specular highlight, soft contact shadow. Centered, isolated on pure white background. Square 1:1. --no text, flat vector, outlines"
item,item/1f981.webp,🦁 獅子、勇敢的,"Single 3D storybook game object: lion (獅子、勇敢的), as in the emoji 🦁. Chunky rounded proportions, tactile material detail, 3/4 angle from slightly above, soft volumetric shading and specular highlight, soft contact shadow. Centered, isolated on pure white background. Square 1:1. --no text, flat vector, outlines"
item,item/1f333.webp,🌳 大樹、樹,"Single 3D storybook game object: tree (大樹、樹), as in the emoji 🌳. Chunky rounded proportions, tactile material detail, 3/4 angle from slightly above, soft volumetric shading and specular highlight, soft contact shadow. Centered, isolated on pure white background. Square 1:1. --no text, flat vector, outlines"
item,item/1f305.webp,🌅 日出、早上、早,"Single 3D storybook game object: morning (日出、早上、早), as in the emoji 🌅. Chunky rounded proportions, tactile material detail, 3/4 angle from slightly above, soft volumetric shading and specular highlight, soft contact shadow. Centered, isolated on pure white background. Square 1:1. --no text, flat vector, outlines"
item,item/1f356.webp,🍖 豬肉,"Single 3D storybook game object: 豬肉, as in the emoji 🍖. Chunky rounded proportions, tactile material detail, 3/4 angle from slightly above, soft volumetric shading and specular highlight, soft contact shadow. Centered, isolated on pure white background. Square 1:1. --no text, flat vector, outlines"
item,item/2668.webp,♨️ 熱水、蒸包子,"Single 3D storybook game object: 熱水、蒸包子, as in the emoji ♨️. Chunky rounded proportions, tactile material detail, 3/4 angle from slightly above, soft volumetric shading and specular highlight, soft contact shadow. Centered, isolated on pure white background. Square 1:1. --no text, flat vector, outlines"
item,item/1f444.webp,👄 嘴巴,"Single 3D storybook game object: mouth (嘴巴), as in the emoji 👄. Chunky rounded proportions, tactile material detail, 3/4 angle from slightly above, soft volumetric shading and specular highlight, soft contact shadow. Centered, isolated on pure white background. Square 1:1. --no text, flat vector, outlines"
item,item/1f359.webp,🍙 粽子,"Single 3D storybook game object: 粽子, as in the emoji 🍙. Chunky rounded proportions, tactile material detail, 3/4 angle from slightly above, soft volumetric shading and specular highlight, soft contact shadow. Centered, isolated on pure white background. Square 1:1. --no text, flat vector, outlines"
item,item/1f33f.webp,🌿 小草、草、大自然,"Single 3D storybook game object: grass (小草、草、大自然), as in the emoji 🌿. Chunky rounded proportions, tactile material detail, 3/4 angle from slightly above, soft volumetric shading and specular highlight, soft contact shadow. Centered, isolated on pure white background. Square 1:1. --no text, flat vector, outlines"
item,item/1f994.webp,🦔 刺蝟,"Single 3D storybook game object: 刺蝟, as in the emoji 🦔. Chunky rounded proportions, tactile material detail, 3/4 angle from slightly above, soft volumetric shading and specular highlight, soft contact shadow. Centered, isolated on pure white background. Square 1:1. --no text, flat vector, outlines"
item,item/1f96c.webp,🥬 青菜、菠菜、白菜,"Single 3D storybook game object: cabbage (青菜、菠菜、白菜), as in the emoji 🥬. Chunky rounded proportions, tactile material detail, 3/4 angle from slightly above, soft volumetric shading and specular highlight, soft contact shadow. Centered, isolated on pure white background. Square 1:1. --no text, flat vector, outlines"
item,item/1f43f.webp,🐿️ 松鼠,"Single 3D storybook game object: 松鼠, as in the emoji 🐿️. Chunky rounded proportions, tactile material detail, 3/4 angle from slightly above, soft volumetric shading and specular highlight, soft contact shadow. Centered, isolated on pure white background. Square 1:1. --no text, flat vector, outlines"
item,item/34-20e3.webp,4️⃣ 四個,"Single 3D storybook game object: 四個, as in the emoji 4️⃣. Chunky rounded proportions, tactile material detail, 3/4 angle from slightly above, soft volumetric shading and specular highlight, soft contact shadow. Centered, isolated on pure white background. Square 1:1. --no text, flat vector, outlines"
item,item/1f455.webp,👕 衣服、襯衫、T 恤,"Single 3D storybook game object: shirt (衣服、襯衫、T 恤), as in the emoji 👕. Chunky rounded proportions, tactile material detail, 3/4 angle from slightly above, soft volumetric shading and specular highlight, soft contact shadow. Centered, isolated on pure white background. Square 1:1. --no text, flat vector, outlines"
item,item/1f986.webp,🦆 鴨子,"Single 3D storybook game object: duck (鴨子), as in the emoji 🦆. Chunky rounded proportions, tactile material detail, 3/4 angle from slightly above, soft volumetric shading and specular highlight, soft contact shadow. Centered, isolated on pure white background. Square 1:1. --no text, flat vector, outlines"
item,item/1f963.webp,🥣 飯碗、碗、早餐,"Single 3D storybook game object: bowl (飯碗、碗、早餐), as in the emoji 🥣. Chunky rounded proportions, tactile material detail, 3/4 angle from slightly above, soft volumetric shading and specular highlight, soft contact shadow. Centered, isolated on pure white background. Square 1:1. --no text, flat vector, outlines"
item,item/1f41f.webp,🐟 金魚、魚、魚鰭,"Single 3D storybook game object: fish (金魚、魚、魚鰭), as in the emoji 🐟. Chunky rounded proportions, tactile material detail, 3/4 angle from slightly above, soft volumetric shading and specular highlight, soft contact shadow. Centered, isolated on pure white background. Square 1:1. --no text, flat vector, outlines"
item,item/1f327.webp,🌧️ 下雨,"Single 3D storybook game object: rainy (下雨), as in the emoji 🌧️. Chunky rounded proportions, tactile material detail, 3/4 angle from slightly above, soft volumetric shading and specular highlight, soft contact shadow. Centered, isolated on pure white background. Square 1:1. --no text, flat vector, outlines"
item,item/1f9a2.webp,🦢 白鵝,"Single 3D storybook game object: 白鵝, as in the emoji 🦢. Chunky rounded proportions, tactile material detail, 3/4 angle from slightly above, soft volumetric shading and specular highlight, soft contact shadow. Centered, isolated on pure white background. Square 1:1. --no text, flat vector, outlines"
item,item/1f466.webp,👦 哥哥、兒子、他們,"Single 3D storybook game object: brother (哥哥、兒子、他們), as in the emoji 👦. Chunky rounded proportions, tactile material detail, 3/4 angle from slightly above, soft volumetric shading and specular highlight, soft contact shadow. Centered, isolated on pure white background. Square 1:1. --no text, flat vector, outlines"
item,item/1f474.webp,👴 爺爺、舊的／老的,"Single 3D storybook game object: grandfather (爺爺、舊的／老的), as in the emoji 👴. Chunky rounded proportions, tactile material detail, 3/4 angle from slightly above, soft volumetric shading and specular highlight, soft contact shadow. Centered, isolated on pure white background. Square 1:1. --no text, flat vector, outlines"
item,item/1f343.webp,🍃 葉子、綠色、涼爽,"Single 3D storybook game object: green (葉子、綠色、涼爽), as in the emoji 🍃. Chunky rounded proportions, tactile material detail, 3/4 angle from slightly above, soft volumetric shading and specular highlight, soft contact shadow. Centered, isolated on pure white background. Square 1:1. --no text, flat vector, outlines"
item,item/2764.webp,❤️ 愛心、喜歡,"Single 3D storybook game object: heart (愛心、喜歡), as in the emoji ❤️. Chunky rounded proportions, tactile material detail, 3/4 angle from slightly above, soft volumetric shading and specular highlight, soft contact shadow. Centered, isolated on pure white background. Square 1:1. --no text, flat vector, outlines"
item,item/2b1b.webp,⬛ 黑色,"Single 3D storybook game object: 黑色, as in the emoji ⬛. Chunky rounded proportions, tactile material detail, 3/4 angle from slightly above, soft volumetric shading and specular highlight, soft contact shadow. Centered, isolated on pure white background. Square 1:1. --no text, flat vector, outlines"
item,item/270b.webp,✋ 小手、手,"Single 3D storybook game object: hand (小手、手), as in the emoji ✋. Chunky rounded proportions, tactile material detail, 3/4 angle from slightly above, soft volumetric shading and specular highlight, soft contact shadow. Centered, isolated on pure white background. Square 1:1. --no text, flat vector, outlines"
item,item/26f0.webp,⛰️ 高山、山,"Single 3D storybook game object: mountain (高山、山), as in the emoji ⛰️. Chunky rounded proportions, tactile material detail, 3/4 angle from slightly above, soft volumetric shading and specular highlight, soft contact shadow. Centered, isolated on pure white background. Square 1:1. --no text, flat vector, outlines"
item,item/1f6aa.webp,🚪 開門、門、大門,"Single 3D storybook game object: door (開門、門、大門), as in the emoji 🚪. Chunky rounded proportions, tactile material detail, 3/4 angle from slightly above, soft volumetric shading and specular highlight, soft contact shadow. Centered, isolated on pure white background. Square 1:1. --no text, flat vector, outlines"
item,item/1f9cd.webp,🧍 大人、站、起立,"Single 3D storybook game object: stand (大人、站、起立), as in the emoji 🧍. Chunky rounded proportions, tactile material detail, 3/4 angle from slightly above, soft volumetric shading and specular highlight, soft contact shadow. Centered, isolated on pure white background. Square 1:1. --no text, flat vector, outlines"
item,item/1f332.webp,🌲 森林,"Single 3D storybook game object: forest (森林), as in the emoji 🌲. Chunky rounded proportions, tactile material detail, 3/4 angle from slightly above, soft volumetric shading and specular highlight, soft contact shadow. Centered, isolated on pure white background. Square 1:1. --no text, flat vector, outlines"
item,item/1f32c.webp,🌬️ 颳風、有風,"Single 3D storybook game object: windy (颳風、有風), as in the emoji 🌬️. Chunky rounded proportions, tactile material detail, 3/4 angle from slightly above, soft volumetric shading and specular highlight, soft contact shadow. Centered, isolated on pure white background. Square 1:1. --no text, flat vector, outlines"
item,item/1f442.webp,👂 耳朵、聽、聽見,"Single 3D storybook game object: ear (耳朵、聽、聽見), as in the emoji 👂. Chunky rounded proportions, tactile material detail, 3/4 angle from slightly above, soft volumetric shading and specular highlight, soft contact shadow. Centered, isolated on pure white background. Square 1:1. --no text, flat vector, outlines"
item,item/1f3b5.webp,🎵 兒歌、音樂,"Single 3D storybook game object: music (兒歌、音樂), as in the emoji 🎵. Chunky rounded proportions, tactile material detail, 3/4 angle from slightly above, soft volumetric shading and specular highlight, soft contact shadow. Centered, isolated on pure white background. Square 1:1. --no text, flat vector, outlines"
item,item/38-20e3.webp,8️⃣ 八個,"Single 3D storybook game object: 八個, as in the emoji 8️⃣. Chunky rounded proportions, tactile material detail, 3/4 angle from slightly above, soft volumetric shading and specular highlight, soft contact shadow. Centered, isolated on pure white background. Square 1:1. --no text, flat vector, outlines"
item,item/1f91d.webp,🤝 拉手、幫忙、誠實的,"Single 3D storybook game object: help (拉手、幫忙、誠實的), as in the emoji 🤝. Chunky rounded proportions, tactile material detail, 3/4 angle from slightly above, soft volumetric shading and specular highlight, soft contact shadow. Centered, isolated on pure white background. Square 1:1. --no text, flat vector, outlines"
item,item/1f68c.webp,🚌 搭車、公車,"Single 3D storybook game object: bus (搭車、公車), as in the emoji 🚌. Chunky rounded proportions, tactile material detail, 3/4 angle from slightly above, soft volumetric shading and specular highlight, soft contact shadow. Centered, isolated on pure white background. Square 1:1. --no text, flat vector, outlines"
item,item/1f3d6.webp,🏖️ 沙子、假日、海灘,"Single 3D storybook game object: holiday (沙子、假日、海灘), as in the emoji 🏖️. Chunky rounded proportions, tactile material detail, 3/4 angle from slightly above, soft volumetric shading and specular highlight, soft contact shadow. Centered, isolated on pure white background. Square 1:1. --no text, flat vector, outlines"
item,item/1f9fd.webp,🧽 擦桌子、橡皮擦,"Single 3D storybook game object: eraser (擦桌子、橡皮擦), as in the emoji 🧽. Chunky rounded proportions, tactile material detail, 3/4 angle from slightly above, soft volumetric shading and specular highlight, soft contact shadow. Centered, isolated on pure white background. Square 1:1. --no text, flat vector, outlines"
item,item/1f52a.webp,🔪 刀子,"Single 3D storybook game object: knife (刀子), as in the emoji 🔪. Chunky rounded proportions, tactile material detail, 3/4 angle from slightly above, soft volumetric shading and specular highlight, soft contact shadow. Centered, isolated on pure white background. Square 1:1. --no text, flat vector, outlines"
item,item/1f3d4.webp,🏔️ 高山,"Single 3D storybook game object: 高山, as in the emoji 🏔️. Chunky rounded proportions, tactile material detail, 3/4 angle from slightly above, soft volumetric shading and specular highlight, soft contact shadow. Centered, isolated on pure white background. Square 1:1. --no text, flat vector, outlines"
item,item/1f525.webp,🔥 燒水、爐子、熱的,"Single 3D storybook game object: stove (燒水、爐子、熱的), as in the emoji 🔥. Chunky rounded proportions, tactile material detail, 3/4 angle from slightly above, soft volumetric shading and specular highlight, soft contact shadow. Centered, isolated on pure white background. Square 1:1. --no text, flat vector, outlines"
item,item/1f93e.webp,🤾 拋球、丟,"Single 3D storybook game object: throw (拋球、丟), as in the emoji 🤾. Chunky rounded proportions, tactile material detail, 3/4 angle from slightly above, soft volumetric shading and specular highlight, soft contact shadow. Centered, isolated on pure white background. Square 1:1. --no text, flat vector, outlines"
item,item/37-20e3.webp,7️⃣ 七個,"Single 3D storybook game object: 七個, as in the emoji 7️⃣. Chunky rounded proportions, tactile material detail, 3/4 angle from slightly above, soft volumetric shading and specular highlight, soft contact shadow. Centered, isolated on pure white background. Square 1:1. --no text, flat vector, outlines"
item,item/2b07.webp,⬇️ 高低、在…下面、向下,"Single 3D storybook game object: under (高低、在…下面、向下), as in the emoji ⬇️. Chunky rounded proportions, tactile material detail, 3/4 angle from slightly above, soft volumetric shading and specular highlight, soft contact shadow. Centered, isolated on pure white background. Square 1:1. --no text, flat vector, outlines"
item,item/1f9b8.webp,🦸 披風,"Single 3D storybook game object: 披風, as in the emoji 🦸. Chunky rounded proportions, tactile material detail, 3/4 angle from slightly above, soft volumetric shading and specular highlight, soft contact shadow. Centered, isolated on pure white background. Square 1:1. --no text, flat vector, outlines"
item,item/1f622.webp,😢 哭哭、難過的,"Single 3D storybook game object: sad (哭哭、難過的), as in the emoji 😢. Chunky rounded proportions, tactile material detail, 3/4 angle from slightly above, soft volumetric shading and specular highlight, soft contact shadow. Centered, isolated on pure white background. Square 1:1. --no text, flat vector, outlines"
item,item/1fab5.webp,🪵 粗細、桌子,"Single 3D storybook game object: table (粗細、桌子), as in the emoji 🪵. Chunky rounded proportions, tactile material detail, 3/4 angle from slightly above, soft volumetric shading and specular highlight, soft contact shadow. Centered, isolated on pure white background. Square 1:1. --no text, flat vector, outlines"
item,item/1f6cf.webp,🛏️ 鋪床、房間、床,"Single 3D storybook game object: room (鋪床、房間、床), as in the emoji 🛏️. Chunky rounded proportions, tactile material detail, 3/4 angle from slightly above, soft volumetric shading and specular highlight, soft contact shadow. Centered, isolated on pure white background. Square 1:1. --no text, flat vector, outlines"
item,item/33-20e3.webp,3️⃣ 三個,"Single 3D storybook game object: 三個, as in the emoji 3️⃣. Chunky rounded proportions, tactile material detail, 3/4 angle from slightly above, soft volumetric shading and specular highlight, soft contact shadow. Centered, isolated on pure white background. Square 1:1. --no text, flat vector, outlines"
item,item/1f3eb.webp,🏫 班級、課、學校,"Single 3D storybook game object: class (班級、課、學校), as in the emoji 🏫. Chunky rounded proportions, tactile material detail, 3/4 angle from slightly above, soft volumetric shading and specular highlight, soft contact shadow. Centered, isolated on pure white background. Square 1:1. --no text, flat vector, outlines"
item,item/2728.webp,✨ 乾淨、新的、特別的,"Single 3D storybook game object: new (乾淨、新的、特別的), as in the emoji ✨. Chunky rounded proportions, tactile material detail, 3/4 angle from slightly above, soft volumetric shading and specular highlight, soft contact shadow. Centered, isolated on pure white background. Square 1:1. --no text, flat vector, outlines"
item,item/1f6d2.webp,🛒 攤子、超市、買,"Single 3D storybook game object: supermarket (攤子、超市、買), as in the emoji 🛒. Chunky rounded proportions, tactile material detail, 3/4 angle from slightly above, soft volumetric shading and specular highlight, soft contact shadow. Centered, isolated on pure white background. Square 1:1. --no text, flat vector, outlines"
item,item/1f372.webp,🍲 喝湯、湯、鍋子,"Single 3D storybook game object: soup (喝湯、湯、鍋子), as in the emoji 🍲. Chunky rounded proportions, tactile material detail, 3/4 angle from slightly above, soft volumetric shading and specular highlight, soft contact shadow. Centered, isolated on pure white background. Square 1:1. --no text, flat vector, outlines"
item,item/1f64b.webp,🙋 幫忙、嗨、誰,"Single 3D storybook game object: hi (幫忙、嗨、誰), as in the emoji 🙋. Chunky rounded proportions, tactile material detail, 3/4 angle from slightly above, soft volumetric shading and specular highlight, soft contact shadow. Centered, isolated on pure white background. Square 1:1. --no text, flat vector, outlines"
item,item/1f7e5.webp,🟥 方形、紅色,"Single 3D storybook game object: red (方形、紅色), as in the emoji 🟥. Chunky rounded proportions, tactile material detail, 3/4 angle from slightly above, soft volumetric shading and specular highlight, soft contact shadow. Centered, isolated on pure white background. Square 1:1. --no text, flat vector, outlines"
item,item/23f1.webp,⏱️ 剛才,"Single 3D storybook game object: 剛才, as in the emoji ⏱️. Chunky rounded proportions, tactile material detail, 3/4 angle from slightly above, soft volumetric shading and specular highlight, soft contact shadow. Centered, isolated on pure white background. Square 1:1. --no text, flat vector, outlines"
item,item/1f3ea.webp,🏪 商店、賣、便利商店,"Single 3D storybook game object: store (商店、賣、便利商店), as in the emoji 🏪. Chunky rounded proportions, tactile material detail, 3/4 angle from slightly above, soft volumetric shading and specular highlight, soft contact shadow. Centered, isolated on pure white background. Square 1:1. --no text, flat vector, outlines"
item,item/1f573.webp,🕳️ 坑洞,"Single 3D storybook game object: 坑洞, as in the emoji 🕳️. Chunky rounded proportions, tactile material detail, 3/4 angle from slightly above, soft volumetric shading and specular highlight, soft contact shadow. Centered, isolated on pure white background. Square 1:1. --no text, flat vector, outlines"
item,item/1f9b9.webp,🦹 小偷,"Single 3D storybook game object: 小偷, as in the emoji 🦹. Chunky rounded proportions, tactile material detail, 3/4 angle from slightly above, soft volumetric shading and specular highlight, soft contact shadow. Centered, isolated on pure white background. Square 1:1. --no text, flat vector, outlines"
item,item/1f30a.webp,🌊 水溝、海、海洋,"Single 3D storybook game object: sea (水溝、海、海洋), as in the emoji 🌊. Chunky rounded proportions, tactile material detail, 3/4 angle from slightly above, soft volumetric shading and specular highlight, soft contact shadow. Centered, isolated on pure white background. Square 1:1. --no text, flat vector, outlines"
item,item/1f9f8.webp,🧸 收玩具、玩具、軟的,"Single 3D storybook game object: toy (收玩具、玩具、軟的), as in the emoji 🧸. Chunky rounded proportions, tactile material detail, 3/4 angle from slightly above, soft volumetric shading and specular highlight, soft contact shadow. Centered, isolated on pure white background. Square 1:1. --no text, flat vector, outlines"
item,item/1f5c4.webp,🗄️ 抽屜,"Single 3D storybook game object: 抽屜, as in the emoji 🗄️. Chunky rounded proportions, tactile material detail, 3/4 angle from slightly above, soft volumetric shading and specular highlight, soft contact shadow. Centered, isolated on pure white background. Square 1:1. --no text, flat vector, outlines"
item,item/1f4c5.webp,📅 週末、今天、六月,"Single 3D storybook game object: today (週末、今天、六月), as in the emoji 📅. Chunky rounded proportions, tactile material detail, 3/4 angle from slightly above, soft volumetric shading and specular highlight, soft contact shadow. Centered, isolated on pure white background. Square 1:1. --no text, flat vector, outlines"
item,item/1f44f.webp,👏 拍手,"Single 3D storybook game object: 拍手, as in the emoji 👏. Chunky rounded proportions, tactile material detail, 3/4 angle from slightly above, soft volumetric shading and specular highlight, soft contact shadow. Centered, isolated on pure white background. Square 1:1. --no text, flat vector, outlines"
item,item/2753.webp,❓ 猜謎、什麼、問題,"Single 3D storybook game object: what (猜謎、什麼、問題), as in the emoji ❓. Chunky rounded proportions, tactile material detail, 3/4 angle from slightly above, soft volumetric shading and specular highlight, soft contact shadow. Centered, isolated on pure white background. Square 1:1. --no text, flat vector, outlines"
item,item/1f636.webp,😶 發呆,"Single 3D storybook game object: 發呆, as in the emoji 😶. Chunky rounded proportions, tactile material detail, 3/4 angle from slightly above, soft volumetric shading and specular highlight, soft contact shadow. Centered, isolated on pure white background. Square 1:1. --no text, flat vector, outlines"
item,item/1f9f6.webp,🧶 地毯,"Single 3D storybook game object: rug (地毯), as in the emoji 🧶. Chunky rounded proportions, tactile material detail, 3/4 angle from slightly above, soft volumetric shading and specular highlight, soft contact shadow. Centered, isolated on pure white background. Square 1:1. --no text, flat vector, outlines"
item,item/1f4a4.webp,💤 《小貓咪》,"Single 3D storybook game object: 《小貓咪》, as in the emoji 💤. Chunky rounded proportions, tactile material detail, 3/4 angle from slightly above, soft volumetric shading and specular highlight, soft contact shadow. Centered, isolated on pure white background. Square 1:1. --no text, flat vector, outlines"
item,item/2614.webp,☔ 雨,"Single 3D storybook game object: rain (雨), as in the emoji ☔. Chunky rounded proportions, tactile material detail, 3/4 angle from slightly above, soft volumetric shading and specular highlight, soft contact shadow. Centered, isolated on pure white background. Square 1:1. --no text, flat vector, outlines"
item,item/2601.webp,☁️ 多雲、天空、雲,"Single 3D storybook game object: cloudy (多雲、天空、雲), as in the emoji ☁️. Chunky rounded proportions, tactile material detail, 3/4 angle from slightly above, soft volumetric shading and specular highlight, soft contact shadow. Centered, isolated on pure white background. Square 1:1. --no text, flat vector, outlines"
item,item/1f4a6.webp,💦 濕的,"Single 3D storybook game object: wet (濕的), as in the emoji 💦. Chunky rounded proportions, tactile material detail, 3/4 angle from slightly above, soft volumetric shading and specular highlight, soft contact shadow. Centered, isolated on pure white background. Square 1:1. --no text, flat vector, outlines"
item,item/1f40c.webp,🐌 《下雨了》,"Single 3D storybook game object: 《下雨了》, as in the emoji 🐌. Chunky rounded proportions, tactile material detail, 3/4 angle from slightly above, soft volumetric shading and specular highlight, soft contact shadow. Centered, isolated on pure white background. Square 1:1. --no text, flat vector, outlines"
item,item/1f467.webp,👧 姊妹、女孩,"Single 3D storybook game object: sister (姊妹、女孩), as in the emoji 👧. Chunky rounded proportions, tactile material detail, 3/4 angle from slightly above, soft volumetric shading and specular highlight, soft contact shadow. Centered, isolated on pure white background. Square 1:1. --no text, flat vector, outlines"
item,item/1f308.webp,🌈 彩虹,"Single 3D storybook game object: rainbow (彩虹), as in the emoji 🌈. Chunky rounded proportions, tactile material detail, 3/4 angle from slightly above, soft volumetric shading and specular highlight, soft contact shadow. Centered, isolated on pure white background. Square 1:1. --no text, flat vector, outlines"
item,item/1f9fa.webp,🧺 籃子、市場,"Single 3D storybook game object: market (籃子、市場), as in the emoji 🧺. Chunky rounded proportions, tactile material detail, 3/4 angle from slightly above, soft volumetric shading and specular highlight, soft contact shadow. Centered, isolated on pure white background. Square 1:1. --no text, flat vector, outlines"
item,item/1f468-200d-1f469-200d-1f467.webp,👨‍👩‍👧 家人,"Single 3D storybook game object: family (家人), as in the emoji 👨‍👩‍👧. Chunky rounded proportions, tactile material detail, 3/4 angle from slightly above, soft volumetric shading and specular highlight, soft contact shadow. Centered, isolated on pure white background. Square 1:1. --no text, flat vector, outlines"
item,item/1f45e.webp,👞 《爸爸的大鞋子》封面,"Single 3D storybook game object: 《爸爸的大鞋子》封面, as in the emoji 👞. Chunky rounded proportions, tactile material detail, 3/4 angle from slightly above, soft volumetric shading and specular highlight, soft contact shadow. Centered, isolated on pure white background. Square 1:1. --no text, flat vector, outlines"
item,item/1f3a9.webp,🎩 帽子,"Single 3D storybook game object: hat (帽子), as in the emoji 🎩. Chunky rounded proportions, tactile material detail, 3/4 angle from slightly above, soft volumetric shading and specular highlight, soft contact shadow. Centered, isolated on pure white background. Square 1:1. --no text, flat vector, outlines"
item,item/1f604.webp,😄 高興的、享受,"Single 3D storybook game object: glad (高興的、享受), as in the emoji 😄. Chunky rounded proportions, tactile material detail, 3/4 angle from slightly above, soft volumetric shading and specular highlight, soft contact shadow. Centered, isolated on pure white background. Square 1:1. --no text, flat vector, outlines"
item,item/1f602.webp,😂 《爸爸的大鞋子》,"Single 3D storybook game object: 《爸爸的大鞋子》, as in the emoji 😂. Chunky rounded proportions, tactile material detail, 3/4 angle from slightly above, soft volumetric shading and specular highlight, soft contact shadow. Centered, isolated on pure white background. Square 1:1. --no text, flat vector, outlines"
item,item/1f917.webp,🤗 親切的、擁抱,"Single 3D storybook game object: kind (親切的、擁抱), as in the emoji 🤗. Chunky rounded proportions, tactile material detail, 3/4 angle from slightly above, soft volumetric shading and specular highlight, soft contact shadow. Centered, isolated on pure white background. Square 1:1. --no text, flat vector, outlines"
item,item/1f315.webp,🌕 《月亮婆婆》封面,"Single 3D storybook game object: 《月亮婆婆》封面, as in the emoji 🌕. Chunky rounded proportions, tactile material detail, 3/4 angle from slightly above, soft volumetric shading and specular highlight, soft contact shadow. Centered, isolated on pure white background. Square 1:1. --no text, flat vector, outlines"
item,item/1f37d.webp,🍽️ 盤子、吃、餐廳,"Single 3D storybook game object: eat (盤子、吃、餐廳), as in the emoji 🍽️. Chunky rounded proportions, tactile material detail, 3/4 angle from slightly above, soft volumetric shading and specular highlight, soft contact shadow. Centered, isolated on pure white background. Square 1:1. --no text, flat vector, outlines"
item,item/1f96e.webp,🥮 《月亮婆婆》,"Single 3D storybook game object: 《月亮婆婆》, as in the emoji 🥮. Chunky rounded proportions, tactile material detail, 3/4 angle from slightly above, soft volumetric shading and specular highlight, soft contact shadow. Centered, isolated on pure white background. Square 1:1. --no text, flat vector, outlines"
item,item/1f634.webp,😴 睡覺、想睡的、上床睡覺,"Single 3D storybook game object: sleep (睡覺、想睡的、上床睡覺), as in the emoji 😴. Chunky rounded proportions, tactile material detail, 3/4 angle from slightly above, soft volumetric shading and specular highlight, soft contact shadow. Centered, isolated on pure white background. Square 1:1. --no text, flat vector, outlines"
item,item/1f61f.webp,😟 擔心的,"Single 3D storybook game object: worried (擔心的), as in the emoji 😟. Chunky rounded proportions, tactile material detail, 3/4 angle from slightly above, soft volumetric shading and specular highlight, soft contact shadow. Centered, isolated on pure white background. Square 1:1. --no text, flat vector, outlines"
item,item/1f469-200d-1f3eb.webp,👩‍🏫 老師、教,"Single 3D storybook game object: teacher (老師、教), as in the emoji 👩‍🏫. Chunky rounded proportions, tactile material detail, 3/4 angle from slightly above, soft volumetric shading and specular highlight, soft contact shadow. Centered, isolated on pure white background. Square 1:1. --no text, flat vector, outlines"
item,item/1f60a.webp,😊 臉、謝謝、友善的,"Single 3D storybook game object: face (臉、謝謝、友善的), as in the emoji 😊. Chunky rounded proportions, tactile material detail, 3/4 angle from slightly above, soft volumetric shading and specular highlight, soft contact shadow. Centered, isolated on pure white background. Square 1:1. --no text, flat vector, outlines"
item,item/1f4da.webp,📚 圖書館、書店、課程,"Single 3D storybook game object: library (圖書館、書店、課程), as in the emoji 📚. Chunky rounded proportions, tactile material detail, 3/4 angle from slightly above, soft volumetric shading and specular highlight, soft contact shadow. Centered, isolated on pure white background. Square 1:1. --no text, flat vector, outlines"
item,item/1f58d.webp,🖍️ 蠟筆,"Single 3D storybook game object: crayon (蠟筆), as in the emoji 🖍️. Chunky rounded proportions, tactile material detail, 3/4 angle from slightly above, soft volumetric shading and specular highlight, soft contact shadow. Centered, isolated on pure white background. Square 1:1. --no text, flat vector, outlines"
item,item/1faa5.webp,🪥 牙刷、刷牙,"Single 3D storybook game object: toothbrush (牙刷、刷牙), as in the emoji 🪥. Chunky rounded proportions, tactile material detail, 3/4 angle from slightly above, soft volumetric shading and specular highlight, soft contact shadow. Centered, isolated on pure white background. Square 1:1. --no text, flat vector, outlines"
item,item/1f9b7.webp,🦷 牙齒、牙醫,"Single 3D storybook game object: tooth (牙齒、牙醫), as in the emoji 🦷. Chunky rounded proportions, tactile material detail, 3/4 angle from slightly above, soft volumetric shading and specular highlight, soft contact shadow. Centered, isolated on pure white background. Square 1:1. --no text, flat vector, outlines"
item,item/1f6b0.webp,🚰 水龍頭,"Single 3D storybook game object: tap (水龍頭), as in the emoji 🚰. Chunky rounded proportions, tactile material detail, 3/4 angle from slightly above, soft volumetric shading and specular highlight, soft contact shadow. Centered, isolated on pure white background. Square 1:1. --no text, flat vector, outlines"
item,item/1fa9e.webp,🪞 鏡子,"Single 3D storybook game object: mirror (鏡子), as in the emoji 🪞. Chunky rounded proportions, tactile material detail, 3/4 angle from slightly above, soft volumetric shading and specular highlight, soft contact shadow. Centered, isolated on pure white background. Square 1:1. --no text, flat vector, outlines"
item,item/1f601.webp,😁 《我會刷牙》,"Single 3D storybook game object: 《我會刷牙》, as in the emoji 😁. Chunky rounded proportions, tactile material detail, 3/4 angle from slightly above, soft volumetric shading and specular highlight, soft contact shadow. Centered, isolated on pure white background. Square 1:1. --no text, flat vector, outlines"
item,item/1f331.webp,🌱 植物／種植、植物,"Single 3D storybook game object: plant (植物／種植、植物), as in the emoji 🌱. Chunky rounded proportions, tactile material detail, 3/4 angle from slightly above, soft volumetric shading and specular highlight, soft contact shadow. Centered, isolated on pure white background. Square 1:1. --no text, flat vector, outlines"
item,item/1f330.webp,🌰 《小種子長大了》,"Single 3D storybook game object: 《小種子長大了》, as in the emoji 🌰. Chunky rounded proportions, tactile material detail, 3/4 angle from slightly above, soft volumetric shading and specular highlight, soft contact shadow. Centered, isolated on pure white background. Square 1:1. --no text, flat vector, outlines"
item,item/1f7eb.webp,🟫 《小種子長大了》,"Single 3D storybook game object: 《小種子長大了》, as in the emoji 🟫. Chunky rounded proportions, tactile material detail, 3/4 angle from slightly above, soft volumetric shading and specular highlight, soft contact shadow. Centered, isolated on pure white background. Square 1:1. --no text, flat vector, outlines"
item,item/1f33b.webp,🌻 《小種子長大了》,"Single 3D storybook game object: 《小種子長大了》, as in the emoji 🌻. Chunky rounded proportions, tactile material detail, 3/4 angle from slightly above, soft volumetric shading and specular highlight, soft contact shadow. Centered, isolated on pure white background. Square 1:1. --no text, flat vector, outlines"
item,item/1f407.webp,🐇 快的、單腳跳、比較快,"Single 3D storybook game object: fast (快的、單腳跳、比較快), as in the emoji 🐇. Chunky rounded proportions, tactile material detail, 3/4 angle from slightly above, soft volumetric shading and specular highlight, soft contact shadow. Centered, isolated on pure white background. Square 1:1. --no text, flat vector, outlines"
item,item/1f9d1-200d-1f33e.webp,🧑‍🌾 《守株待兔》,"Single 3D storybook game object: 《守株待兔》, as in the emoji 🧑‍🌾. Chunky rounded proportions, tactile material detail, 3/4 angle from slightly above, soft volumetric shading and specular highlight, soft contact shadow. Centered, isolated on pure white background. Square 1:1. --no text, flat vector, outlines"
item,item/1f33e.webp,🌾 《守株待兔》,"Single 3D storybook game object: 《守株待兔》, as in the emoji 🌾. Chunky rounded proportions, tactile material detail, 3/4 angle from slightly above, soft volumetric shading and specular highlight, soft contact shadow. Centered, isolated on pure white background. Square 1:1. --no text, flat vector, outlines"
item,item/1f4a8.webp,💨 風、空氣,"Single 3D storybook game object: wind (風、空氣), as in the emoji 💨. Chunky rounded proportions, tactile material detail, 3/4 angle from slightly above, soft volumetric shading and specular highlight, soft contact shadow. Centered, isolated on pure white background. Square 1:1. --no text, flat vector, outlines"
item,item/1f940.webp,🥀 《守株待兔》,"Single 3D storybook game object: 《守株待兔》, as in the emoji 🥀. Chunky rounded proportions, tactile material detail, 3/4 angle from slightly above, soft volumetric shading and specular highlight, soft contact shadow. Centered, isolated on pure white background. Square 1:1. --no text, flat vector, outlines"
item,item/1f98a.webp,🦊 狐狸,"Single 3D storybook game object: fox (狐狸), as in the emoji 🦊. Chunky rounded proportions, tactile material detail, 3/4 angle from slightly above, soft volumetric shading and specular highlight, soft contact shadow. Centered, isolated on pure white background. Square 1:1. --no text, flat vector, outlines"
item,item/1f4ac.webp,💬 說、訊息,"Single 3D storybook game object: say (說、訊息), as in the emoji 💬. Chunky rounded proportions, tactile material detail, 3/4 angle from slightly above, soft volumetric shading and specular highlight, soft contact shadow. Centered, isolated on pure white background. Square 1:1. --no text, flat vector, outlines"
item,item/1f98c.webp,🦌 鹿,"Single 3D storybook game object: deer (鹿), as in the emoji 🦌. Chunky rounded proportions, tactile material detail, 3/4 angle from slightly above, soft volumetric shading and specular highlight, soft contact shadow. Centered, isolated on pure white background. Square 1:1. --no text, flat vector, outlines"
item,item/1f417.webp,🐗 《狐假虎威》,"Single 3D storybook game object: 《狐假虎威》, as in the emoji 🐗. Chunky rounded proportions, tactile material detail, 3/4 angle from slightly above, soft volumetric shading and specular highlight, soft contact shadow. Centered, isolated on pure white background. Square 1:1. --no text, flat vector, outlines"
item,item/1f62e.webp,😮 《狐假虎威》,"Single 3D storybook game object: 《狐假虎威》, as in the emoji 😮. Chunky rounded proportions, tactile material detail, 3/4 angle from slightly above, soft volumetric shading and specular highlight, soft contact shadow. Centered, isolated on pure white background. Square 1:1. --no text, flat vector, outlines"
item,item/2b06.webp,⬆️ 在…上面、向上,"Single 3D storybook game object: on (在…上面、向上), as in the emoji ⬆️. Chunky rounded proportions, tactile material detail, 3/4 angle from slightly above, soft volumetric shading and specular highlight, soft contact shadow. Centered, isolated on pure white background. Square 1:1. --no text, flat vector, outlines"
item,item/1f613.webp,😓 《揠苗助長》,"Single 3D storybook game object: 《揠苗助長》, as in the emoji 😓. Chunky rounded proportions, tactile material detail, 3/4 angle from slightly above, soft volumetric shading and specular highlight, soft contact shadow. Centered, isolated on pure white background. Square 1:1. --no text, flat vector, outlines"
item,item/1f9d1.webp,🧑 《亡羊補牢》,"Single 3D storybook game object: 《亡羊補牢》, as in the emoji 🧑. Chunky rounded proportions, tactile material detail, 3/4 angle from slightly above, soft volumetric shading and specular highlight, soft contact shadow. Centered, isolated on pure white background. Square 1:1. --no text, flat vector, outlines"
item,item/1f3da.webp,🏚️ 《亡羊補牢》,"Single 3D storybook game object: 《亡羊補牢》, as in the emoji 🏚️. Chunky rounded proportions, tactile material detail, 3/4 angle from slightly above, soft volumetric shading and specular highlight, soft contact shadow. Centered, isolated on pure white background. Square 1:1. --no text, flat vector, outlines"
item,item/1f43a.webp,🐺 狼,"Single 3D storybook game object: wolf (狼), as in the emoji 🐺. Chunky rounded proportions, tactile material detail, 3/4 angle from slightly above, soft volumetric shading and specular highlight, soft contact shadow. Centered, isolated on pure white background. Square 1:1. --no text, flat vector, outlines"
item,item/1f468-200d-1f9b3.webp,👨‍🦳 《亡羊補牢》,"Single 3D storybook game object: 《亡羊補牢》, as in the emoji 👨‍🦳. Chunky rounded proportions, tactile material detail, 3/4 angle from slightly above, soft volumetric shading and specular highlight, soft contact shadow. Centered, isolated on pure white background. Square 1:1. --no text, flat vector, outlines"
item,item/1f528.webp,🔨 《亡羊補牢》,"Single 3D storybook game object: 《亡羊補牢》, as in the emoji 🔨. Chunky rounded proportions, tactile material detail, 3/4 angle from slightly above, soft volumetric shading and specular highlight, soft contact shadow. Centered, isolated on pure white background. Square 1:1. --no text, flat vector, outlines"
item,item/2b55.webp,⭕ 圓形,"Single 3D storybook game object: circle (圓形), as in the emoji ⭕. Chunky rounded proportions, tactile material detail, 3/4 angle from slightly above, soft volumetric shading and specular highlight, soft contact shadow. Centered, isolated on pure white background. Square 1:1. --no text, flat vector, outlines"
item,item/1f632.webp,😲 驚訝的,"Single 3D storybook game object: surprised (驚訝的), as in the emoji 😲. Chunky rounded proportions, tactile material detail, 3/4 angle from slightly above, soft volumetric shading and specular highlight, soft contact shadow. Centered, isolated on pure white background. Square 1:1. --no text, flat vector, outlines"
item,item/1f409.webp,🐉 《畫龍點睛》封面,"Single 3D storybook game object: 《畫龍點睛》封面, as in the emoji 🐉. Chunky rounded proportions, tactile material detail, 3/4 angle from slightly above, soft volumetric shading and specular highlight, soft contact shadow. Centered, isolated on pure white background. Square 1:1. --no text, flat vector, outlines"
item,item/1f58c.webp,🖌️ 《畫龍點睛》,"Single 3D storybook game object: 《畫龍點睛》, as in the emoji 🖌️. Chunky rounded proportions, tactile material detail, 3/4 angle from slightly above, soft volumetric shading and specular highlight, soft contact shadow. Centered, isolated on pure white background. Square 1:1. --no text, flat vector, outlines"
item,item/1f3ef.webp,🏯 《畫龍點睛》,"Single 3D storybook game object: 《畫龍點睛》, as in the emoji 🏯. Chunky rounded proportions, tactile material detail, 3/4 angle from slightly above, soft volumetric shading and specular highlight, soft contact shadow. Centered, isolated on pure white background. Square 1:1. --no text, flat vector, outlines"
item,item/1f440.webp,👀 看、看見,"Single 3D storybook game object: look (看、看見), as in the emoji 👀. Chunky rounded proportions, tactile material detail, 3/4 angle from slightly above, soft volumetric shading and specular highlight, soft contact shadow. Centered, isolated on pure white background. Square 1:1. --no text, flat vector, outlines"
item,item/1f9d1-200d-1f91d-200d-1f9d1.webp,🧑‍🤝‍🧑 同學,"Single 3D storybook game object: classmate (同學), as in the emoji 🧑‍🤝‍🧑. Chunky rounded proportions, tactile material detail, 3/4 angle from slightly above, soft volumetric shading and specular highlight, soft contact shadow. Centered, isolated on pure white background. Square 1:1. --no text, flat vector, outlines"
item,item/26a1.webp,⚡ 很快地、能源,"Single 3D storybook game object: quickly (很快地、能源), as in the emoji ⚡. Chunky rounded proportions, tactile material detail, 3/4 angle from slightly above, soft volumetric shading and specular highlight, soft contact shadow. Centered, isolated on pure white background. Square 1:1. --no text, flat vector, outlines"
item,item/26c8.webp,⛈️ 《畫龍點睛》,"Single 3D storybook game object: 《畫龍點睛》, as in the emoji ⛈️. Chunky rounded proportions, tactile material detail, 3/4 angle from slightly above, soft volumetric shading and specular highlight, soft contact shadow. Centered, isolated on pure white background. Square 1:1. --no text, flat vector, outlines"
item,item/1f40e.webp,🐎 《塞翁失馬》封面,"Single 3D storybook game object: 《塞翁失馬》封面, as in the emoji 🐎. Chunky rounded proportions, tactile material detail, 3/4 angle from slightly above, soft volumetric shading and specular highlight, soft contact shadow. Centered, isolated on pure white background. Square 1:1. --no text, flat vector, outlines"
item,item/1f915.webp,🤕 頭痛、受傷,"Single 3D storybook game object: headache (頭痛、受傷), as in the emoji 🤕. Chunky rounded proportions, tactile material detail, 3/4 angle from slightly above, soft volumetric shading and specular highlight, soft contact shadow. Centered, isolated on pure white background. Square 1:1. --no text, flat vector, outlines"
item,item/2694.webp,⚔️ 《塞翁失馬》,"Single 3D storybook game object: 《塞翁失馬》, as in the emoji ⚔️. Chunky rounded proportions, tactile material detail, 3/4 angle from slightly above, soft volumetric shading and specular highlight, soft contact shadow. Centered, isolated on pure white background. Square 1:1. --no text, flat vector, outlines"
item,item/1f5e1.webp,🗡️ 《刻舟求劍》,"Single 3D storybook game object: 《刻舟求劍》, as in the emoji 🗡️. Chunky rounded proportions, tactile material detail, 3/4 angle from slightly above, soft volumetric shading and specular highlight, soft contact shadow. Centered, isolated on pure white background. Square 1:1. --no text, flat vector, outlines"
item,item/1f3de.webp,🏞️ 公園、河、湖,"Single 3D storybook game object: park (公園、河、湖), as in the emoji 🏞️. Chunky rounded proportions, tactile material detail, 3/4 angle from slightly above, soft volumetric shading and specular highlight, soft contact shadow. Centered, isolated on pure white background. Square 1:1. --no text, flat vector, outlines"
item,item/1f6e1.webp,🛡️ 保護、安全的,"Single 3D storybook game object: protect (保護、安全的), as in the emoji 🛡️. Chunky rounded proportions, tactile material detail, 3/4 angle from slightly above, soft volumetric shading and specular highlight, soft contact shadow. Centered, isolated on pure white background. Square 1:1. --no text, flat vector, outlines"
item,item/1f531.webp,🔱 《自相矛盾》,"Single 3D storybook game object: 《自相矛盾》, as in the emoji 🔱. Chunky rounded proportions, tactile material detail, 3/4 angle from slightly above, soft volumetric shading and specular highlight, soft contact shadow. Centered, isolated on pure white background. Square 1:1. --no text, flat vector, outlines"
item,item/1f9d1-200d-1f9b1.webp,🧑‍🦱 《自相矛盾》,"Single 3D storybook game object: 《自相矛盾》, as in the emoji 🧑‍🦱. Chunky rounded proportions, tactile material detail, 3/4 angle from slightly above, soft volumetric shading and specular highlight, soft contact shadow. Centered, isolated on pure white background. Square 1:1. --no text, flat vector, outlines"
item,item/1f633.webp,😳 害羞的,"Single 3D storybook game object: shy (害羞的), as in the emoji 😳. Chunky rounded proportions, tactile material detail, 3/4 angle from slightly above, soft volumetric shading and specular highlight, soft contact shadow. Centered, isolated on pure white background. Square 1:1. --no text, flat vector, outlines"
item,item/1f6b6-200d-2642.webp,🚶‍♂️ 《愚公移山》,"Single 3D storybook game object: 《愚公移山》, as in the emoji 🚶‍♂️. Chunky rounded proportions, tactile material detail, 3/4 angle from slightly above, soft volumetric shading and specular highlight, soft contact shadow. Centered, isolated on pure white background. Square 1:1. --no text, flat vector, outlines"
item,item/21a9.webp,↩️ 轉角,"Single 3D storybook game object: corner (轉角), as in the emoji ↩️. Chunky rounded proportions, tactile material detail, 3/4 angle from slightly above, soft volumetric shading and specular highlight, soft contact shadow. Centered, isolated on pure white background. Square 1:1. --no text, flat vector, outlines"
item,item/26cf.webp,⛏️ 挖,"Single 3D storybook game object: dig (挖), as in the emoji ⛏️. Chunky rounded proportions, tactile material detail, 3/4 angle from slightly above, soft volumetric shading and specular highlight, soft contact shadow. Centered, isolated on pure white background. Square 1:1. --no text, flat vector, outlines"
item,item/1f9d4.webp,🧔 《愚公移山》,"Single 3D storybook game object: 《愚公移山》, as in the emoji 🧔. Chunky rounded proportions, tactile material detail, 3/4 angle from slightly above, soft volumetric shading and specular highlight, soft contact shadow. Centered, isolated on pure white background. Square 1:1. --no text, flat vector, outlines"
item,item/1f60f.webp,😏 《愚公移山》,"Single 3D storybook game object: 《愚公移山》, as in the emoji 😏. Chunky rounded proportions, tactile material detail, 3/4 angle from slightly above, soft volumetric shading and specular highlight, soft contact shadow. Centered, isolated on pure white background. Square 1:1. --no text, flat vector, outlines"
item,item/1f4aa.webp,💪 手臂、強壯的、健康的,"Single 3D storybook game object: arm (手臂、強壯的、健康的), as in the emoji 💪. Chunky rounded proportions, tactile material detail, 3/4 angle from slightly above, soft volumetric shading and specular highlight, soft contact shadow. Centered, isolated on pure white background. Square 1:1. --no text, flat vector, outlines"
item,item/1f9d8.webp,🧘 墊子,"Single 3D storybook game object: mat (墊子), as in the emoji 🧘. Chunky rounded proportions, tactile material detail, 3/4 angle from slightly above, soft volumetric shading and specular highlight, soft contact shadow. Centered, isolated on pure white background. Square 1:1. --no text, flat vector, outlines"
item,item/1f400.webp,🐀 老鼠,"Single 3D storybook game object: rat (老鼠), as in the emoji 🐀. Chunky rounded proportions, tactile material detail, 3/4 angle from slightly above, soft volumetric shading and specular highlight, soft contact shadow. Centered, isolated on pure white background. Square 1:1. --no text, flat vector, outlines"
item,item/1f63a.webp,😺 《Sam the Cat》,"Single 3D storybook game object: 《Sam the Cat》, as in the emoji 😺. Chunky rounded proportions, tactile material detail, 3/4 angle from slightly above, soft volumetric shading and specular highlight, soft contact shadow. Centered, isolated on pure white background. Square 1:1. --no text, flat vector, outlines"
item,item/1f51f.webp,🔟 十,"Single 3D storybook game object: ten (十), as in the emoji 🔟. Chunky rounded proportions, tactile material detail, 3/4 angle from slightly above, soft volumetric shading and specular highlight, soft contact shadow. Centered, isolated on pure white background. Square 1:1. --no text, flat vector, outlines"
item,item/1f58a.webp,🖊️ 筆、麥克筆,"Single 3D storybook game object: pen (筆、麥克筆), as in the emoji 🖊️. Chunky rounded proportions, tactile material detail, 3/4 angle from slightly above, soft volumetric shading and specular highlight, soft contact shadow. Centered, isolated on pure white background. Square 1:1. --no text, flat vector, outlines"
item,item/1f4dd.webp,📝 功課、考試、寫功課,"Single 3D storybook game object: homework (功課、考試、寫功課), as in the emoji 📝. Chunky rounded proportions, tactile material detail, 3/4 angle from slightly above, soft volumetric shading and specular highlight, soft contact shadow. Centered, isolated on pure white background. Square 1:1. --no text, flat vector, outlines"
item,item/1f487.webp,💇 頭髮、假髮,"Single 3D storybook game object: hair (頭髮、假髮), as in the emoji 💇. Chunky rounded proportions, tactile material detail, 3/4 angle from slightly above, soft volumetric shading and specular highlight, soft contact shadow. Centered, isolated on pure white background. Square 1:1. --no text, flat vector, outlines"
item,item/1f60b.webp,😋 美味的,"Single 3D storybook game object: delicious (美味的), as in the emoji 😋. Chunky rounded proportions, tactile material detail, 3/4 angle from slightly above, soft volumetric shading and specular highlight, soft contact shadow. Centered, isolated on pure white background. Square 1:1. --no text, flat vector, outlines"
item,item/1f41b.webp,🐛 蟲,"Single 3D storybook game object: bug (蟲), as in the emoji 🐛. Chunky rounded proportions, tactile material detail, 3/4 angle from slightly above, soft volumetric shading and specular highlight, soft contact shadow. Centered, isolated on pure white background. Square 1:1. --no text, flat vector, outlines"
item,item/1f389.webp,🎉 週末、慶祝、好玩,"Single 3D storybook game object: weekend (週末、慶祝、好玩), as in the emoji 🎉. Chunky rounded proportions, tactile material detail, 3/4 angle from slightly above, soft volumetric shading and specular highlight, soft contact shadow. Centered, isolated on pure white background. Square 1:1. --no text, flat vector, outlines"
item,item/1f3c3.webp,🏃 跑、跑步、運動,"Single 3D storybook game object: run (跑、跑步、運動), as in the emoji 🏃. Chunky rounded proportions, tactile material detail, 3/4 angle from slightly above, soft volumetric shading and specular highlight, soft contact shadow. Centered, isolated on pure white background. Square 1:1. --no text, flat vector, outlines"
item,item/1f42d.webp,🐭 老鼠、小的,"Single 3D storybook game object: mouse (老鼠、小的), as in the emoji 🐭. Chunky rounded proportions, tactile material detail, 3/4 angle from slightly above, soft volumetric shading and specular highlight, soft contact shadow. Centered, isolated on pure white background. Square 1:1. --no text, flat vector, outlines"
item,item/1f64f.webp,🙏 請、想要、相信,"Single 3D storybook game object: please (請、想要、相信), as in the emoji 🙏. Chunky rounded proportions, tactile material detail, 3/4 angle from slightly above, soft volumetric shading and specular highlight, soft contact shadow. Centered, isolated on pure white background. Square 1:1. --no text, flat vector, outlines"
item,item/1f578.webp,🕸️ 《The Lion and the Mouse》,"Single 3D storybook game object: web (《The Lion and the Mouse》), as in the emoji 🕸️. Chunky rounded proportions, tactile material detail, 3/4 angle from slightly above, soft volumetric shading and specular highlight, soft contact shadow. Centered, isolated on pure white background. Square 1:1. --no text, flat vector, outlines"
item,item/1f36a.webp,🍪 餅乾,"Single 3D storybook game object: cookie (餅乾), as in the emoji 🍪. Chunky rounded proportions, tactile material detail, 3/4 angle from slightly above, soft volumetric shading and specular highlight, soft contact shadow. Centered, isolated on pure white background. Square 1:1. --no text, flat vector, outlines"
item,item/1f369.webp,🍩 甜甜圈,"Single 3D storybook game object: 甜甜圈, as in the emoji 🍩. Chunky rounded proportions, tactile material detail, 3/4 angle from slightly above, soft volumetric shading and specular highlight, soft contact shadow. Centered, isolated on pure white background. Square 1:1. --no text, flat vector, outlines"
item,item/1f9c1.webp,🧁 杯子蛋糕,"Single 3D storybook game object: 杯子蛋糕, as in the emoji 🧁. Chunky rounded proportions, tactile material detail, 3/4 angle from slightly above, soft volumetric shading and specular highlight, soft contact shadow. Centered, isolated on pure white background. Square 1:1. --no text, flat vector, outlines"
item,item/1f3a1.webp,🎡 輪子,"Single 3D storybook game object: wheel (輪子), as in the emoji 🎡. Chunky rounded proportions, tactile material detail, 3/4 angle from slightly above, soft volumetric shading and specular highlight, soft contact shadow. Centered, isolated on pure white background. Square 1:1. --no text, flat vector, outlines"
item,item/1f419.webp,🐙 章魚,"Single 3D storybook game object: octopus (章魚), as in the emoji 🐙. Chunky rounded proportions, tactile material detail, 3/4 angle from slightly above, soft volumetric shading and specular highlight, soft contact shadow. Centered, isolated on pure white background. Square 1:1. --no text, flat vector, outlines"
item,item/1f381.webp,🎁 給、禮物,"Single 3D storybook game object: give (給、禮物), as in the emoji 🎁. Chunky rounded proportions, tactile material detail, 3/4 angle from slightly above, soft volumetric shading and specular highlight, soft contact shadow. Centered, isolated on pure white background. Square 1:1. --no text, flat vector, outlines"
item,item/1f3c6.webp,🏆 成功、贏,"Single 3D storybook game object: succeed (成功、贏), as in the emoji 🏆. Chunky rounded proportions, tactile material detail, 3/4 angle from slightly above, soft volumetric shading and specular highlight, soft contact shadow. Centered, isolated on pure white background. Square 1:1. --no text, flat vector, outlines"
item,item/26ab.webp,⚫ 黑色、點,"Single 3D storybook game object: black (黑色、點), as in the emoji ⚫. Chunky rounded proportions, tactile material detail, 3/4 angle from slightly above, soft volumetric shading and specular highlight, soft contact shadow. Centered, isolated on pure white background. Square 1:1. --no text, flat vector, outlines"
item,item/26aa.webp,⚪ 白色,"Single 3D storybook game object: white (白色), as in the emoji ⚪. Chunky rounded proportions, tactile material detail, 3/4 angle from slightly above, soft volumetric shading and specular highlight, soft contact shadow. Centered, isolated on pure white background. Square 1:1. --no text, flat vector, outlines"
item,item/1f443.webp,👃 鼻子,"Single 3D storybook game object: nose (鼻子), as in the emoji 👃. Chunky rounded proportions, tactile material detail, 3/4 angle from slightly above, soft volumetric shading and specular highlight, soft contact shadow. Centered, isolated on pure white background. Square 1:1. --no text, flat vector, outlines"
item,item/1f9b5.webp,🦵 腿、踢,"Single 3D storybook game object: leg (腿、踢), as in the emoji 🦵. Chunky rounded proportions, tactile material detail, 3/4 angle from slightly above, soft volumetric shading and specular highlight, soft contact shadow. Centered, isolated on pure white background. Square 1:1. --no text, flat vector, outlines"
item,item/1f4e6.webp,📦 箱子、在…裡面、搬運,"Single 3D storybook game object: box (箱子、在…裡面、搬運), as in the emoji 📦. Chunky rounded proportions, tactile material detail, 3/4 angle from slightly above, soft volumetric shading and specular highlight, soft contact shadow. Centered, isolated on pure white background. Square 1:1. --no text, flat vector, outlines"
item,item/1f4cf.webp,📏 線、尺、規則,"Single 3D storybook game object: line (線、尺、規則), as in the emoji 📏. Chunky rounded proportions, tactile material detail, 3/4 angle from slightly above, soft volumetric shading and specular highlight, soft contact shadow. Centered, isolated on pure white background. Square 1:1. --no text, flat vector, outlines"
item,item/1fa81.webp,🪁 風箏,"Single 3D storybook game object: kite (風箏), as in the emoji 🪁. Chunky rounded proportions, tactile material detail, 3/4 angle from slightly above, soft volumetric shading and specular highlight, soft contact shadow. Centered, isolated on pure white background. Square 1:1. --no text, flat vector, outlines"
item,item/1f3b2.webp,🎲 遊戲、可能的,"Single 3D storybook game object: game (遊戲、可能的), as in the emoji 🎲. Chunky rounded proportions, tactile material detail, 3/4 angle from slightly above, soft volumetric shading and specular highlight, soft contact shadow. Centered, isolated on pure white background. Square 1:1. --no text, flat vector, outlines"
item,item/1f998.webp,🦘 跳、袋鼠、正在跳,"Single 3D storybook game object: jump (跳、袋鼠、正在跳), as in the emoji 🦘. Chunky rounded proportions, tactile material detail, 3/4 angle from slightly above, soft volumetric shading and specular highlight, soft contact shadow. Centered, isolated on pure white background. Square 1:1. --no text, flat vector, outlines"
item,item/1f6b6.webp,🚶 走、去、走了,"Single 3D storybook game object: walk (走、去、走了), as in the emoji 🚶. Chunky rounded proportions, tactile material detail, 3/4 angle from slightly above, soft volumetric shading and specular highlight, soft contact shadow. Centered, isolated on pure white background. Square 1:1. --no text, flat vector, outlines"
item,item/1f370.webp,🍰 蛋糕,"Single 3D storybook game object: cake (蛋糕), as in the emoji 🍰. Chunky rounded proportions, tactile material detail, 3/4 angle from slightly above, soft volumetric shading and specular highlight, soft contact shadow. Centered, isolated on pure white background. Square 1:1. --no text, flat vector, outlines"
item,item/1f4a7.webp,💧 水、節省／拯救,"Single 3D storybook game object: water (水、節省／拯救), as in the emoji 💧. Chunky rounded proportions, tactile material detail, 3/4 angle from slightly above, soft volumetric shading and specular highlight, soft contact shadow. Centered, isolated on pure white background. Square 1:1. --no text, flat vector, outlines"
item,item/1f9c3.webp,🧃 果汁,"Single 3D storybook game object: juice (果汁), as in the emoji 🧃. Chunky rounded proportions, tactile material detail, 3/4 angle from slightly above, soft volumetric shading and specular highlight, soft contact shadow. Centered, isolated on pure white background. Square 1:1. --no text, flat vector, outlines"
item,item/1f9f0.webp,🧰 鉛筆盒、工具組,"Single 3D storybook game object: pencil box (鉛筆盒、工具組), as in the emoji 🧰. Chunky rounded proportions, tactile material detail, 3/4 angle from slightly above, soft volumetric shading and specular highlight, soft contact shadow. Centered, isolated on pure white background. Square 1:1. --no text, flat vector, outlines"
item,item/1f9e6.webp,🧦 襪子、髒的,"Single 3D storybook game object: sock (襪子、髒的), as in the emoji 🧦. Chunky rounded proportions, tactile material detail, 3/4 angle from slightly above, soft volumetric shading and specular highlight, soft contact shadow. Centered, isolated on pure white background. Square 1:1. --no text, flat vector, outlines"
item,item/1f373.webp,🍳 廚房、煮飯、吃早餐,"Single 3D storybook game object: kitchen (廚房、煮飯、吃早餐), as in the emoji 🍳. Chunky rounded proportions, tactile material detail, 3/4 angle from slightly above, soft volumetric shading and specular highlight, soft contact shadow. Centered, isolated on pure white background. Square 1:1. --no text, flat vector, outlines"
item,item/1f6c1.webp,🛁 浴室、洗澡,"Single 3D storybook game object: bathroom (浴室、洗澡), as in the emoji 🛁. Chunky rounded proportions, tactile material detail, 3/4 angle from slightly above, soft volumetric shading and specular highlight, soft contact shadow. Centered, isolated on pure white background. Square 1:1. --no text, flat vector, outlines"
item,item/1f550.webp,🕐 時鐘、…點鐘,"Single 3D storybook game object: clock (時鐘、…點鐘), as in the emoji 🕐. Chunky rounded proportions, tactile material detail, 3/4 angle from slightly above, soft volumetric shading and specular highlight, soft contact shadow. Centered, isolated on pure white background. Square 1:1. --no text, flat vector, outlines"
item,item/1f4fa.webp,📺 電視、看電視、節目,"Single 3D storybook game object: TV (電視、看電視、節目), as in the emoji 📺. Chunky rounded proportions, tactile material detail, 3/4 angle from slightly above, soft volumetric shading and specular highlight, soft contact shadow. Centered, isolated on pure white background. Square 1:1. --no text, flat vector, outlines"
item,item/1f374.webp,🍴 叉子,"Single 3D storybook game object: fork (叉子), as in the emoji 🍴. Chunky rounded proportions, tactile material detail, 3/4 angle from slightly above, soft volumetric shading and specular highlight, soft contact shadow. Centered, isolated on pure white background. Square 1:1. --no text, flat vector, outlines"
item,item/1f410.webp,🐐 山羊,"Single 3D storybook game object: goat (山羊), as in the emoji 🐐. Chunky rounded proportions, tactile material detail, 3/4 angle from slightly above, soft volumetric shading and specular highlight, soft contact shadow. Centered, isolated on pure white background. Square 1:1. --no text, flat vector, outlines"
item,item/1f40d.webp,🐍 蛇、長的,"Single 3D storybook game object: snake (蛇、長的), as in the emoji 🐍. Chunky rounded proportions, tactile material detail, 3/4 angle from slightly above, soft volumetric shading and specular highlight, soft contact shadow. Centered, isolated on pure white background. Square 1:1. --no text, flat vector, outlines"
item,item/1f993.webp,🦓 斑馬,"Single 3D storybook game object: zebra (斑馬), as in the emoji 🦓. Chunky rounded proportions, tactile material detail, 3/4 angle from slightly above, soft volumetric shading and specular highlight, soft contact shadow. Centered, isolated on pure white background. Square 1:1. --no text, flat vector, outlines"
item,item/1f3ca.webp,🏊 游泳、正在游,"Single 3D storybook game object: swim (游泳、正在游), as in the emoji 🏊. Chunky rounded proportions, tactile material detail, 3/4 angle from slightly above, soft volumetric shading and specular highlight, soft contact shadow. Centered, isolated on pure white background. Square 1:1. --no text, flat vector, outlines"
item,item/1f3a4.webp,🎤 唱歌、記者、正在唱,"Single 3D storybook game object: sing (唱歌、記者、正在唱), as in the emoji 🎤. Chunky rounded proportions, tactile material detail, 3/4 angle from slightly above, soft volumetric shading and specular highlight, soft contact shadow. Centered, isolated on pure white background. Square 1:1. --no text, flat vector, outlines"
item,item/1f3ae.webp,🎮 玩、遊戲、玩了,"Single 3D storybook game object: play (玩、遊戲、玩了), as in the emoji 🎮. Chunky rounded proportions, tactile material detail, 3/4 angle from slightly above, soft volumetric shading and specular highlight, soft contact shadow. Centered, isolated on pure white background. Square 1:1. --no text, flat vector, outlines"
item,item/1f9f9.webp,🧹 打掃、拖把,"Single 3D storybook game object: clean (打掃、拖把), as in the emoji 🧹. Chunky rounded proportions, tactile material detail, 3/4 angle from slightly above, soft volumetric shading and specular highlight, soft contact shadow. Centered, isolated on pure white background. Square 1:1. --no text, flat vector, outlines"
item,item/1f43e.webp,🐾 寵物、動物,"Single 3D storybook game object: pet (寵物、動物), as in the emoji 🐾. Chunky rounded proportions, tactile material detail, 3/4 angle from slightly above, soft volumetric shading and specular highlight, soft contact shadow. Centered, isolated on pure white background. Square 1:1. --no text, flat vector, outlines"
item,item/1f69c.webp,🚜 農場,"Single 3D storybook game object: farm (農場), as in the emoji 🚜. Chunky rounded proportions, tactile material detail, 3/4 angle from slightly above, soft volumetric shading and specular highlight, soft contact shadow. Centered, isolated on pure white background. Square 1:1. --no text, flat vector, outlines"
item,item/1f468-200d-1f33e.webp,👨‍🌾 農夫,"Single 3D storybook game object: farmer (農夫), as in the emoji 👨‍🌾. Chunky rounded proportions, tactile material detail, 3/4 angle from slightly above, soft volumetric shading and specular highlight, soft contact shadow. Centered, isolated on pure white background. Square 1:1. --no text, flat vector, outlines"
item,item/1f6a2.webp,🚢 大船、船,"Single 3D storybook game object: ship (大船、船), as in the emoji 🚢. Chunky rounded proportions, tactile material detail, 3/4 angle from slightly above, soft volumetric shading and specular highlight, soft contact shadow. Centered, isolated on pure white background. Square 1:1. --no text, flat vector, outlines"
item,item/1f69a.webp,🚚 卡車,"Single 3D storybook game object: truck (卡車), as in the emoji 🚚. Chunky rounded proportions, tactile material detail, 3/4 angle from slightly above, soft volumetric shading and specular highlight, soft contact shadow. Centered, isolated on pure white background. Square 1:1. --no text, flat vector, outlines"
item,item/1f469-200d-2695.webp,👩‍⚕️ 護理師,"Single 3D storybook game object: nurse (護理師), as in the emoji 👩‍⚕️. Chunky rounded proportions, tactile material detail, 3/4 angle from slightly above, soft volumetric shading and specular highlight, soft contact shadow. Centered, isolated on pure white background. Square 1:1. --no text, flat vector, outlines"
item,item/1f4cc.webp,📌 需要、別針,"Single 3D storybook game object: need (需要、別針), as in the emoji 📌. Chunky rounded proportions, tactile material detail, 3/4 angle from slightly above, soft volumetric shading and specular highlight, soft contact shadow. Centered, isolated on pure white background. Square 1:1. --no text, flat vector, outlines"
item,item/1f423.webp,🐣 可愛的,"Single 3D storybook game object: cute (可愛的), as in the emoji 🐣. Chunky rounded proportions, tactile material detail, 3/4 angle from slightly above, soft volumetric shading and specular highlight, soft contact shadow. Centered, isolated on pure white background. Square 1:1. --no text, flat vector, outlines"
item,item/1f40b.webp,🐋 鯨魚,"Single 3D storybook game object: whale (鯨魚), as in the emoji 🐋. Chunky rounded proportions, tactile material detail, 3/4 angle from slightly above, soft volumetric shading and specular highlight, soft contact shadow. Centered, isolated on pure white background. Square 1:1. --no text, flat vector, outlines"
item,item/1faa2.webp,🪢 跳繩、拉、繩子,"Single 3D storybook game object: jump rope (跳繩、拉、繩子), as in the emoji 🪢. Chunky rounded proportions, tactile material detail, 3/4 angle from slightly above, soft volumetric shading and specular highlight, soft contact shadow. Centered, isolated on pure white background. Square 1:1. --no text, flat vector, outlines"
item,item/1f5fa.webp,🗺️ 國家／鄉下、旅程、地圖,"Single 3D storybook game object: country (國家／鄉下、旅程、地圖), as in the emoji 🗺️. Chunky rounded proportions, tactile material detail, 3/4 angle from slightly above, soft volumetric shading and specular highlight, soft contact shadow. Centered, isolated on pure white background. Square 1:1. --no text, flat vector, outlines"
item,item/1f9ca.webp,🧊 冰箱、方塊,"Single 3D storybook game object: refrigerator (冰箱、方塊), as in the emoji 🧊. Chunky rounded proportions, tactile material detail, 3/4 angle from slightly above, soft volumetric shading and specular highlight, soft contact shadow. Centered, isolated on pure white background. Square 1:1. --no text, flat vector, outlines"
item,item/1f300.webp,🌀 電風扇、颱風、電扇,"Single 3D storybook game object: fan (電風扇、颱風、電扇), as in the emoji 🌀. Chunky rounded proportions, tactile material detail, 3/4 angle from slightly above, soft volumetric shading and specular highlight, soft contact shadow. Centered, isolated on pure white background. Square 1:1. --no text, flat vector, outlines"
item,item/1f371.webp,🍱 吃午餐、午餐,"Single 3D storybook game object: have lunch (吃午餐、午餐), as in the emoji 🍱. Chunky rounded proportions, tactile material detail, 3/4 angle from slightly above, soft volumetric shading and specular highlight, soft contact shadow. Centered, isolated on pure white background. Square 1:1. --no text, flat vector, outlines"
item,item/1f5d1.webp,🗑️ 垃圾、垃圾桶,"Single 3D storybook game object: trash (垃圾、垃圾桶), as in the emoji 🗑️. Chunky rounded proportions, tactile material detail, 3/4 angle from slightly above, soft volumetric shading and specular highlight, soft contact shadow. Centered, isolated on pure white background. Square 1:1. --no text, flat vector, outlines"
item,item/1f58b.webp,🖋️ ,"Single 3D storybook game object: ink, as in the emoji 🖋️. Chunky rounded proportions, tactile material detail, 3/4 angle from slightly above, soft volumetric shading and specular highlight, soft contact shadow. Centered, isolated on pure white background. Square 1:1. --no text, flat vector, outlines"
item,item/1f478.webp,👸 ,"Single 3D storybook game object: queen, as in the emoji 👸. Chunky rounded proportions, tactile material detail, 3/4 angle from slightly above, soft volumetric shading and specular highlight, soft contact shadow. Centered, isolated on pure white background. Square 1:1. --no text, flat vector, outlines"
item,item/1f690.webp,🚐 廂型車,"Single 3D storybook game object: van (廂型車), as in the emoji 🚐. Chunky rounded proportions, tactile material detail, 3/4 angle from slightly above, soft volumetric shading and specular highlight, soft contact shadow. Centered, isolated on pure white background. Square 1:1. --no text, flat vector, outlines"
item,item/231a.webp,⌚ ,"Single 3D storybook game object: watch, as in the emoji ⌚. Chunky rounded proportions, tactile material detail, 3/4 angle from slightly above, soft volumetric shading and specular highlight, soft contact shadow. Centered, isolated on pure white background. Square 1:1. --no text, flat vector, outlines"
item,item/1fa80.webp,🪀 陀螺,"Single 3D storybook game object: yo-yo (陀螺), as in the emoji 🪀. Chunky rounded proportions, tactile material detail, 3/4 angle from slightly above, soft volumetric shading and specular highlight, soft contact shadow. Centered, isolated on pure white background. Square 1:1. --no text, flat vector, outlines"
item,item/1f934.webp,🤴 ,"Single 3D storybook game object: king, as in the emoji 🤴. Chunky rounded proportions, tactile material detail, 3/4 angle from slightly above, soft volumetric shading and specular highlight, soft contact shadow. Centered, isolated on pure white background. Square 1:1. --no text, flat vector, outlines"
item,item/1f945.webp,🥅 網子,"Single 3D storybook game object: net (網子), as in the emoji 🥅. Chunky rounded proportions, tactile material detail, 3/4 angle from slightly above, soft volumetric shading and specular highlight, soft contact shadow. Centered, isolated on pure white background. Square 1:1. --no text, flat vector, outlines"
item,item/1f51d.webp,🔝 ,"Single 3D storybook game object: top, as in the emoji 🔝. Chunky rounded proportions, tactile material detail, 3/4 angle from slightly above, soft volumetric shading and specular highlight, soft contact shadow. Centered, isolated on pure white background. Square 1:1. --no text, flat vector, outlines"
item,item/1f987.webp,🦇 蝙蝠,"Single 3D storybook game object: bat (蝙蝠), as in the emoji 🦇. Chunky rounded proportions, tactile material detail, 3/4 angle from slightly above, soft volumetric shading and specular highlight, soft contact shadow. Centered, isolated on pure white background. Square 1:1. --no text, flat vector, outlines"
item,item/1f96b.webp,🥫 罐子,"Single 3D storybook game object: can (罐子), as in the emoji 🥫. Chunky rounded proportions, tactile material detail, 3/4 angle from slightly above, soft volumetric shading and specular highlight, soft contact shadow. Centered, isolated on pure white background. Square 1:1. --no text, flat vector, outlines"
item,item/1f94a.webp,🥊 打,"Single 3D storybook game object: hit (打), as in the emoji 🥊. Chunky rounded proportions, tactile material detail, 3/4 angle from slightly above, soft volumetric shading and specular highlight, soft contact shadow. Centered, isolated on pure white background. Square 1:1. --no text, flat vector, outlines"
item,item/1fad7.webp,🫗 水壺,"Single 3D storybook game object: jug (水壺), as in the emoji 🫗. Chunky rounded proportions, tactile material detail, 3/4 angle from slightly above, soft volumetric shading and specular highlight, soft contact shadow. Centered, isolated on pure white background. Square 1:1. --no text, flat vector, outlines"
item,item/1f96f.webp,🥯 小圓麵包,"Single 3D storybook game object: bun (小圓麵包), as in the emoji 🥯. Chunky rounded proportions, tactile material detail, 3/4 angle from slightly above, soft volumetric shading and specular highlight, soft contact shadow. Centered, isolated on pure white background. Square 1:1. --no text, flat vector, outlines"
item,item/1f9c0.webp,🧀 起司,"Single 3D storybook game object: cheese (起司), as in the emoji 🧀. Chunky rounded proportions, tactile material detail, 3/4 angle from slightly above, soft volumetric shading and specular highlight, soft contact shadow. Centered, isolated on pure white background. Square 1:1. --no text, flat vector, outlines"
item,item/1f4db.webp,📛 名字,"Single 3D storybook game object: name (名字), as in the emoji 📛. Chunky rounded proportions, tactile material detail, 3/4 angle from slightly above, soft volumetric shading and specular highlight, soft contact shadow. Centered, isolated on pure white background. Square 1:1. --no text, flat vector, outlines"
item,item/1f9b4.webp,🦴 骨頭,"Single 3D storybook game object: bone (骨頭), as in the emoji 🦴. Chunky rounded proportions, tactile material detail, 3/4 angle from slightly above, soft volumetric shading and specular highlight, soft contact shadow. Centered, isolated on pure white background. Square 1:1. --no text, flat vector, outlines"
item,item/1f9ea.webp,🧪 管子,"Single 3D storybook game object: tube (管子), as in the emoji 🧪. Chunky rounded proportions, tactile material detail, 3/4 angle from slightly above, soft volumetric shading and specular highlight, soft contact shadow. Centered, isolated on pure white background. Square 1:1. --no text, flat vector, outlines"
item,item/1f535.webp,🔵 藍色,"Single 3D storybook game object: blue (藍色), as in the emoji 🔵. Chunky rounded proportions, tactile material detail, 3/4 angle from slightly above, soft volumetric shading and specular highlight, soft contact shadow. Centered, isolated on pure white background. Square 1:1. --no text, flat vector, outlines"
item,item/1f6a9.webp,🚩 旗子,"Single 3D storybook game object: flag (旗子), as in the emoji 🚩. Chunky rounded proportions, tactile material detail, 3/4 angle from slightly above, soft volumetric shading and specular highlight, soft contact shadow. Centered, isolated on pure white background. Square 1:1. --no text, flat vector, outlines"
item,item/1f7e2.webp,🟢 綠色,"Single 3D storybook game object: green (綠色), as in the emoji 🟢. Chunky rounded proportions, tactile material detail, 3/4 angle from slightly above, soft volumetric shading and specular highlight, soft contact shadow. Centered, isolated on pure white background. Square 1:1. --no text, flat vector, outlines"
item,item/1f6d1.webp,🛑 停,"Single 3D storybook game object: stop (停), as in the emoji 🛑. Chunky rounded proportions, tactile material detail, 3/4 angle from slightly above, soft volumetric shading and specular highlight, soft contact shadow. Centered, isolated on pure white background. Square 1:1. --no text, flat vector, outlines"
item,item/1f941.webp,🥁 鼓,"Single 3D storybook game object: drum (鼓), as in the emoji 🥁. Chunky rounded proportions, tactile material detail, 3/4 angle from slightly above, soft volumetric shading and specular highlight, soft contact shadow. Centered, isolated on pure white background. Square 1:1. --no text, flat vector, outlines"
item,item/1f7e3.webp,🟣 紫色,"Single 3D storybook game object: purple (紫色), as in the emoji 🟣. Chunky rounded proportions, tactile material detail, 3/4 angle from slightly above, soft volumetric shading and specular highlight, soft contact shadow. Centered, isolated on pure white background. Square 1:1. --no text, flat vector, outlines"
item,item/2709.webp,✉️ 信,"Single 3D storybook game object: letter (信), as in the emoji ✉️. Chunky rounded proportions, tactile material detail, 3/4 angle from slightly above, soft volumetric shading and specular highlight, soft contact shadow. Centered, isolated on pure white background. Square 1:1. --no text, flat vector, outlines"
item,item/1f334.webp,🌴 ,"Single 3D storybook game object: 🌴, as in the emoji 🌴. Chunky rounded proportions, tactile material detail, 3/4 angle from slightly above, soft volumetric shading and specular highlight, soft contact shadow. Centered, isolated on pure white background. Square 1:1. --no text, flat vector, outlines"
item,item/1f335.webp,🌵 乾的,"Single 3D storybook game object: dry (乾的), as in the emoji 🌵. Chunky rounded proportions, tactile material detail, 3/4 angle from slightly above, soft volumetric shading and specular highlight, soft contact shadow. Centered, isolated on pure white background. Square 1:1. --no text, flat vector, outlines"
item,item/1f33a.webp,🌺 ,"Single 3D storybook game object: 🌺, as in the emoji 🌺. Chunky rounded proportions, tactile material detail, 3/4 angle from slightly above, soft volumetric shading and specular highlight, soft contact shadow. Centered, isolated on pure white background. Square 1:1. --no text, flat vector, outlines"
item,item/1f344.webp,🍄 ,"Single 3D storybook game object: 🍄, as in the emoji 🍄. Chunky rounded proportions, tactile material detail, 3/4 angle from slightly above, soft volumetric shading and specular highlight, soft contact shadow. Centered, isolated on pure white background. Square 1:1. --no text, flat vector, outlines"
item,item/26fa.webp,⛺ ,"Single 3D storybook game object: ⛺, as in the emoji ⛺. Chunky rounded proportions, tactile material detail, 3/4 angle from slightly above, soft volumetric shading and specular highlight, soft contact shadow. Centered, isolated on pure white background. Square 1:1. --no text, flat vector, outlines"
item,item/1f3f0.webp,🏰 ,"Single 3D storybook game object: 🏰, as in the emoji 🏰. Chunky rounded proportions, tactile material detail, 3/4 angle from slightly above, soft volumetric shading and specular highlight, soft contact shadow. Centered, isolated on pure white background. Square 1:1. --no text, flat vector, outlines"
item,item/1f3a0.webp,🎠 ,"Single 3D storybook game object: 🎠, as in the emoji 🎠. Chunky rounded proportions, tactile material detail, 3/4 angle from slightly above, soft volumetric shading and specular highlight, soft contact shadow. Centered, isolated on pure white background. Square 1:1. --no text, flat vector, outlines"
item,item/26f2.webp,⛲ ,"Single 3D storybook game object: ⛲, as in the emoji ⛲. Chunky rounded proportions, tactile material detail, 3/4 angle from slightly above, soft volumetric shading and specular highlight, soft contact shadow. Centered, isolated on pure white background. Square 1:1. --no text, flat vector, outlines"
item,item/1f5ff.webp,🗿 ,"Single 3D storybook game object: 🗿, as in the emoji 🗿. Chunky rounded proportions, tactile material detail, 3/4 angle from slightly above, soft volumetric shading and specular highlight, soft contact shadow. Centered, isolated on pure white background. Square 1:1. --no text, flat vector, outlines"
item,item/1f30b.webp,🌋 地震、火山,"Single 3D storybook game object: earthquake (地震、火山), as in the emoji 🌋. Chunky rounded proportions, tactile material detail, 3/4 angle from slightly above, soft volumetric shading and specular highlight, soft contact shadow. Centered, isolated on pure white background. Square 1:1. --no text, flat vector, outlines"
item,item/1f6a4.webp,🚤 ,"Single 3D storybook game object: 🚤, as in the emoji 🚤. Chunky rounded proportions, tactile material detail, 3/4 angle from slightly above, soft volumetric shading and specular highlight, soft contact shadow. Centered, isolated on pure white background. Square 1:1. --no text, flat vector, outlines"
item,item/26f1.webp,⛱️ ,"Single 3D storybook game object: ⛱️, as in the emoji ⛱️. Chunky rounded proportions, tactile material detail, 3/4 angle from slightly above, soft volumetric shading and specular highlight, soft contact shadow. Centered, isolated on pure white background. Square 1:1. --no text, flat vector, outlines"
item,item/1f99c.webp,🦜 ,"Single 3D storybook game object: 🦜, as in the emoji 🦜. Chunky rounded proportions, tactile material detail, 3/4 angle from slightly above, soft volumetric shading and specular highlight, soft contact shadow. Centered, isolated on pure white background. Square 1:1. --no text, flat vector, outlines"
item,item/1f41a.webp,🐚 ,"Single 3D storybook game object: 🐚, as in the emoji 🐚. Chunky rounded proportions, tactile material detail, 3/4 angle from slightly above, soft volumetric shading and specular highlight, soft contact shadow. Centered, isolated on pure white background. Square 1:1. --no text, flat vector, outlines"
item,item/1f9a9.webp,🦩 ,"Single 3D storybook game object: 🦩, as in the emoji 🦩. Chunky rounded proportions, tactile material detail, 3/4 angle from slightly above, soft volumetric shading and specular highlight, soft contact shadow. Centered, isolated on pure white background. Square 1:1. --no text, flat vector, outlines"
item,item/1f428.webp,🐨 ,"Single 3D storybook game object: 🐨, as in the emoji 🐨. Chunky rounded proportions, tactile material detail, 3/4 angle from slightly above, soft volumetric shading and specular highlight, soft contact shadow. Centered, isolated on pure white background. Square 1:1. --no text, flat vector, outlines"
item,item/1f42e.webp,🐮 乳牛,"Single 3D storybook game object: cow (乳牛), as in the emoji 🐮. Chunky rounded proportions, tactile material detail, 3/4 angle from slightly above, soft volumetric shading and specular highlight, soft contact shadow. Centered, isolated on pure white background. Square 1:1. --no text, flat vector, outlines"
item,item/1f989.webp,🦉 貓頭鷹,"Single 3D storybook game object: owl (貓頭鷹), as in the emoji 🦉. Chunky rounded proportions, tactile material detail, 3/4 angle from slightly above, soft volumetric shading and specular highlight, soft contact shadow. Centered, isolated on pure white background. Square 1:1. --no text, flat vector, outlines"
item,item/1f984.webp,🦄 ,"Single 3D storybook game object: 🦄, as in the emoji 🦄. Chunky rounded proportions, tactile material detail, 3/4 angle from slightly above, soft volumetric shading and specular highlight, soft contact shadow. Centered, isolated on pure white background. Square 1:1. --no text, flat vector, outlines"
item,item/1f42c.webp,🐬 海豚,"Single 3D storybook game object: dolphin (海豚), as in the emoji 🐬. Chunky rounded proportions, tactile material detail, 3/4 angle from slightly above, soft volumetric shading and specular highlight, soft contact shadow. Centered, isolated on pure white background. Square 1:1. --no text, flat vector, outlines"
item,item/1f680.webp,🚀 太空,"Single 3D storybook game object: space (太空), as in the emoji 🚀. Chunky rounded proportions, tactile material detail, 3/4 angle from slightly above, soft volumetric shading and specular highlight, soft contact shadow. Centered, isolated on pure white background. Square 1:1. --no text, flat vector, outlines"
item,item/1f682.webp,🚂 ,"Single 3D storybook game object: 🚂, as in the emoji 🚂. Chunky rounded proportions, tactile material detail, 3/4 angle from slightly above, soft volumetric shading and specular highlight, soft contact shadow. Centered, isolated on pure white background. Square 1:1. --no text, flat vector, outlines"
item,item/1f3a8.webp,🎨 畫畫、美術、藝術家,"Single 3D storybook game object: draw (畫畫、美術、藝術家), as in the emoji 🎨. Chunky rounded proportions, tactile material detail, 3/4 angle from slightly above, soft volumetric shading and specular highlight, soft contact shadow. Centered, isolated on pure white background. Square 1:1. --no text, flat vector, outlines"
item,item/1f3b8.webp,🎸 吉他,"Single 3D storybook game object: guitar (吉他), as in the emoji 🎸. Chunky rounded proportions, tactile material detail, 3/4 angle from slightly above, soft volumetric shading and specular highlight, soft contact shadow. Centered, isolated on pure white background. Square 1:1. --no text, flat vector, outlines"
item,item/1fad0.webp,🫐 藍色,"Single 3D storybook game object: blue (藍色), as in the emoji 🫐. Chunky rounded proportions, tactile material detail, 3/4 angle from slightly above, soft volumetric shading and specular highlight, soft contact shadow. Centered, isolated on pure white background. Square 1:1. --no text, flat vector, outlines"
item,item/1f34b.webp,🍋 黃色、檸檬、酸的,"Single 3D storybook game object: yellow (黃色、檸檬、酸的), as in the emoji 🍋. Chunky rounded proportions, tactile material detail, 3/4 angle from slightly above, soft volumetric shading and specular highlight, soft contact shadow. Centered, isolated on pure white background. Square 1:1. --no text, flat vector, outlines"
item,item/1f36b.webp,🍫 咖啡色,"Single 3D storybook game object: brown (咖啡色), as in the emoji 🍫. Chunky rounded proportions, tactile material detail, 3/4 angle from slightly above, soft volumetric shading and specular highlight, soft contact shadow. Centered, isolated on pure white background. Square 1:1. --no text, flat vector, outlines"
item,item/1f476.webp,👶 寶寶、年輕的,"Single 3D storybook game object: baby (寶寶、年輕的), as in the emoji 👶. Chunky rounded proportions, tactile material detail, 3/4 angle from slightly above, soft volumetric shading and specular highlight, soft contact shadow. Centered, isolated on pure white background. Square 1:1. --no text, flat vector, outlines"
item,item/1f9d2.webp,🧒 男孩,"Single 3D storybook game object: boy (男孩), as in the emoji 🧒. Chunky rounded proportions, tactile material detail, 3/4 angle from slightly above, soft volumetric shading and specular highlight, soft contact shadow. Centered, isolated on pure white background. Square 1:1. --no text, flat vector, outlines"
item,item/1f441.webp,👁️ 眼睛,"Single 3D storybook game object: eye (眼睛), as in the emoji 👁️. Chunky rounded proportions, tactile material detail, 3/4 angle from slightly above, soft volumetric shading and specular highlight, soft contact shadow. Centered, isolated on pure white background. Square 1:1. --no text, flat vector, outlines"
item,item/1f9b6.webp,🦶 腳,"Single 3D storybook game object: foot (腳), as in the emoji 🦶. Chunky rounded proportions, tactile material detail, 3/4 angle from slightly above, soft volumetric shading and specular highlight, soft contact shadow. Centered, isolated on pure white background. Square 1:1. --no text, flat vector, outlines"
item,item/1f642.webp,🙂 頭、很好,"Single 3D storybook game object: head (頭、很好), as in the emoji 🙂. Chunky rounded proportions, tactile material detail, 3/4 angle from slightly above, soft volumetric shading and specular highlight, soft contact shadow. Centered, isolated on pure white background. Square 1:1. --no text, flat vector, outlines"
item,item/1f4ba.webp,💺 椅子,"Single 3D storybook game object: chair (椅子), as in the emoji 💺. Chunky rounded proportions, tactile material detail, 3/4 angle from slightly above, soft volumetric shading and specular highlight, soft contact shadow. Centered, isolated on pure white background. Square 1:1. --no text, flat vector, outlines"
item,item/1f44b.webp,👋 哈囉、再見、來,"Single 3D storybook game object: hello (哈囉、再見、來), as in the emoji 👋. Chunky rounded proportions, tactile material detail, 3/4 angle from slightly above, soft volumetric shading and specular highlight, soft contact shadow. Centered, isolated on pure white background. Square 1:1. --no text, flat vector, outlines"
item,item/1f44d.webp,👍 是、好的、方便的,"Single 3D storybook game object: yes (是、好的、方便的), as in the emoji 👍. Chunky rounded proportions, tactile material detail, 3/4 angle from slightly above, soft volumetric shading and specular highlight, soft contact shadow. Centered, isolated on pure white background. Square 1:1. --no text, flat vector, outlines"
item,item/1f44e.webp,👎 不是、壞的,"Single 3D storybook game object: no (不是、壞的), as in the emoji 👎. Chunky rounded proportions, tactile material detail, 3/4 angle from slightly above, soft volumetric shading and specular highlight, soft contact shadow. Centered, isolated on pure white background. Square 1:1. --no text, flat vector, outlines"
item,item/1f614.webp,😔 對不起,"Single 3D storybook game object: sorry (對不起), as in the emoji 😔. Chunky rounded proportions, tactile material detail, 3/4 angle from slightly above, soft volumetric shading and specular highlight, soft contact shadow. Centered, isolated on pure white background. Square 1:1. --no text, flat vector, outlines"
item,item/1f44c.webp,👌 好的、簡單的,"Single 3D storybook game object: OK (好的、簡單的), as in the emoji 👌. Chunky rounded proportions, tactile material detail, 3/4 angle from slightly above, soft volumetric shading and specular highlight, soft contact shadow. Centered, isolated on pure white background. Square 1:1. --no text, flat vector, outlines"
item,item/1f7e6.webp,🟦 正方形,"Single 3D storybook game object: square (正方形), as in the emoji 🟦. Chunky rounded proportions, tactile material detail, 3/4 angle from slightly above, soft volumetric shading and specular highlight, soft contact shadow. Centered, isolated on pure white background. Square 1:1. --no text, flat vector, outlines"
item,item/1f53a.webp,🔺 三角形,"Single 3D storybook game object: triangle (三角形), as in the emoji 🔺. Chunky rounded proportions, tactile material detail, 3/4 angle from slightly above, soft volumetric shading and specular highlight, soft contact shadow. Centered, isolated on pure white background. Square 1:1. --no text, flat vector, outlines"
item,item/1f351.webp,🍑 桃子,"Single 3D storybook game object: peach (桃子), as in the emoji 🍑. Chunky rounded proportions, tactile material detail, 3/4 angle from slightly above, soft volumetric shading and specular highlight, soft contact shadow. Centered, isolated on pure white background. Square 1:1. --no text, flat vector, outlines"
item,item/1fa86.webp,🪆 娃娃,"Single 3D storybook game object: doll (娃娃), as in the emoji 🪆. Chunky rounded proportions, tactile material detail, 3/4 angle from slightly above, soft volumetric shading and specular highlight, soft contact shadow. Centered, isolated on pure white background. Square 1:1. --no text, flat vector, outlines"
item,item/1f916.webp,🤖 機器人,"Single 3D storybook game object: robot (機器人), as in the emoji 🤖. Chunky rounded proportions, tactile material detail, 3/4 angle from slightly above, soft volumetric shading and specular highlight, soft contact shadow. Centered, isolated on pure white background. Square 1:1. --no text, flat vector, outlines"
item,item/1f4c2.webp,📂 打開,"Single 3D storybook game object: open (打開), as in the emoji 📂. Chunky rounded proportions, tactile material detail, 3/4 angle from slightly above, soft volumetric shading and specular highlight, soft contact shadow. Centered, isolated on pure white background. Square 1:1. --no text, flat vector, outlines"
item,item/1f4c1.webp,📁 關上,"Single 3D storybook game object: close (關上), as in the emoji 📁. Chunky rounded proportions, tactile material detail, 3/4 angle from slightly above, soft volumetric shading and specular highlight, soft contact shadow. Centered, isolated on pure white background. Square 1:1. --no text, flat vector, outlines"
item,item/1f355.webp,🍕 披薩,"Single 3D storybook game object: pizza (披薩), as in the emoji 🍕. Chunky rounded proportions, tactile material detail, 3/4 angle from slightly above, soft volumetric shading and specular highlight, soft contact shadow. Centered, isolated on pure white background. Square 1:1. --no text, flat vector, outlines"
item,item/1f354.webp,🍔 漢堡,"Single 3D storybook game object: hamburger (漢堡), as in the emoji 🍔. Chunky rounded proportions, tactile material detail, 3/4 angle from slightly above, soft volumetric shading and specular highlight, soft contact shadow. Centered, isolated on pure white background. Square 1:1. --no text, flat vector, outlines"
item,item/1f35c.webp,🍜 麵,"Single 3D storybook game object: noodles (麵), as in the emoji 🍜. Chunky rounded proportions, tactile material detail, 3/4 angle from slightly above, soft volumetric shading and specular highlight, soft contact shadow. Centered, isolated on pure white background. Square 1:1. --no text, flat vector, outlines"
item,item/1f357.webp,🍗 雞肉,"Single 3D storybook game object: chicken (雞肉), as in the emoji 🍗. Chunky rounded proportions, tactile material detail, 3/4 angle from slightly above, soft volumetric shading and specular highlight, soft contact shadow. Centered, isolated on pure white background. Square 1:1. --no text, flat vector, outlines"
item,item/1f32d.webp,🌭 熱狗,"Single 3D storybook game object: hot dog (熱狗), as in the emoji 🌭. Chunky rounded proportions, tactile material detail, 3/4 angle from slightly above, soft volumetric shading and specular highlight, soft contact shadow. Centered, isolated on pure white background. Square 1:1. --no text, flat vector, outlines"
item,item/1f96a.webp,🥪 三明治,"Single 3D storybook game object: sandwich (三明治), as in the emoji 🥪. Chunky rounded proportions, tactile material detail, 3/4 angle from slightly above, soft volumetric shading and specular highlight, soft contact shadow. Centered, isolated on pure white background. Square 1:1. --no text, flat vector, outlines"
item,item/1f375.webp,🍵 茶,"Single 3D storybook game object: tea (茶), as in the emoji 🍵. Chunky rounded proportions, tactile material detail, 3/4 angle from slightly above, soft volumetric shading and specular highlight, soft contact shadow. Centered, isolated on pure white background. Square 1:1. --no text, flat vector, outlines"
item,item/1f9cb.webp,🧋 汽水,"Single 3D storybook game object: soda (汽水), as in the emoji 🧋. Chunky rounded proportions, tactile material detail, 3/4 angle from slightly above, soft volumetric shading and specular highlight, soft contact shadow. Centered, isolated on pure white background. Square 1:1. --no text, flat vector, outlines"
item,item/1f4d2.webp,📒 筆記本,"Single 3D storybook game object: notebook (筆記本), as in the emoji 📒. Chunky rounded proportions, tactile material detail, 3/4 angle from slightly above, soft volumetric shading and specular highlight, soft contact shadow. Centered, isolated on pure white background. Square 1:1. --no text, flat vector, outlines"
item,item/1f9f4.webp,🧴 膠水,"Single 3D storybook game object: glue (膠水), as in the emoji 🧴. Chunky rounded proportions, tactile material detail, 3/4 angle from slightly above, soft volumetric shading and specular highlight, soft contact shadow. Centered, isolated on pure white background. Square 1:1. --no text, flat vector, outlines"
item,item/1fa79.webp,🩹 膠帶,"Single 3D storybook game object: tape (膠帶), as in the emoji 🩹. Chunky rounded proportions, tactile material detail, 3/4 angle from slightly above, soft volumetric shading and specular highlight, soft contact shadow. Centered, isolated on pure white background. Square 1:1. --no text, flat vector, outlines"
item,item/1fa73.webp,🩳 短褲,"Single 3D storybook game object: shorts (短褲), as in the emoji 🩳. Chunky rounded proportions, tactile material detail, 3/4 angle from slightly above, soft volumetric shading and specular highlight, soft contact shadow. Centered, isolated on pure white background. Square 1:1. --no text, flat vector, outlines"
item,item/1f457.webp,👗 洋裝、裙子,"Single 3D storybook game object: dress (洋裝、裙子), as in the emoji 👗. Chunky rounded proportions, tactile material detail, 3/4 angle from slightly above, soft volumetric shading and specular highlight, soft contact shadow. Centered, isolated on pure white background. Square 1:1. --no text, flat vector, outlines"
item,item/1f9e5.webp,🧥 外套、夾克,"Single 3D storybook game object: coat (外套、夾克), as in the emoji 🧥. Chunky rounded proportions, tactile material detail, 3/4 angle from slightly above, soft volumetric shading and specular highlight, soft contact shadow. Centered, isolated on pure white background. Square 1:1. --no text, flat vector, outlines"
item,item/1f9e4.webp,🧤 手套、接住,"Single 3D storybook game object: glove (手套、接住), as in the emoji 🧤. Chunky rounded proportions, tactile material detail, 3/4 angle from slightly above, soft volumetric shading and specular highlight, soft contact shadow. Centered, isolated on pure white background. Square 1:1. --no text, flat vector, outlines"
item,item/2744.webp,❄️ 下雪,"Single 3D storybook game object: snowy (下雪), as in the emoji ❄️. Chunky rounded proportions, tactile material detail, 3/4 angle from slightly above, soft volumetric shading and specular highlight, soft contact shadow. Centered, isolated on pure white background. Square 1:1. --no text, flat vector, outlines"
item,item/1f975.webp,🥵 熱,"Single 3D storybook game object: hot (熱), as in the emoji 🥵. Chunky rounded proportions, tactile material detail, 3/4 angle from slightly above, soft volumetric shading and specular highlight, soft contact shadow. Centered, isolated on pure white background. Square 1:1. --no text, flat vector, outlines"
item,item/1f976.webp,🥶 冷,"Single 3D storybook game object: cold (冷), as in the emoji 🥶. Chunky rounded proportions, tactile material detail, 3/4 angle from slightly above, soft volumetric shading and specular highlight, soft contact shadow. Centered, isolated on pure white background. Square 1:1. --no text, flat vector, outlines"
item,item/1f324.webp,🌤️ 溫暖、下午,"Single 3D storybook game object: warm (溫暖、下午), as in the emoji 🌤️. Chunky rounded proportions, tactile material detail, 3/4 angle from slightly above, soft volumetric shading and specular highlight, soft contact shadow. Centered, isolated on pure white background. Square 1:1. --no text, flat vector, outlines"
item,item/1f31e.webp,🌞 太陽,"Single 3D storybook game object: sun (太陽), as in the emoji 🌞. Chunky rounded proportions, tactile material detail, 3/4 angle from slightly above, soft volumetric shading and specular highlight, soft contact shadow. Centered, isolated on pure white background. Square 1:1. --no text, flat vector, outlines"
item,item/1f3e1.webp,🏡 家、院子,"Single 3D storybook game object: home (家、院子), as in the emoji 🏡. Chunky rounded proportions, tactile material detail, 3/4 angle from slightly above, soft volumetric shading and specular highlight, soft contact shadow. Centered, isolated on pure white background. Square 1:1. --no text, flat vector, outlines"
item,item/1f6cc.webp,🛌 臥室、休息,"Single 3D storybook game object: bedroom (臥室、休息), as in the emoji 🛌. Chunky rounded proportions, tactile material detail, 3/4 angle from slightly above, soft volumetric shading and specular highlight, soft contact shadow. Centered, isolated on pure white background. Square 1:1. --no text, flat vector, outlines"
item,item/1f6cb.webp,🛋️ 客廳、沙發、有空的,"Single 3D storybook game object: living room (客廳、沙發、有空的), as in the emoji 🛋️. Chunky rounded proportions, tactile material detail, 3/4 angle from slightly above, soft volumetric shading and specular highlight, soft contact shadow. Centered, isolated on pure white background. Square 1:1. --no text, flat vector, outlines"
item,item/1f337.webp,🌷 花園,"Single 3D storybook game object: garden (花園), as in the emoji 🌷. Chunky rounded proportions, tactile material detail, 3/4 angle from slightly above, soft volumetric shading and specular highlight, soft contact shadow. Centered, isolated on pure white background. Square 1:1. --no text, flat vector, outlines"
item,item/260e.webp,☎️ 電話,"Single 3D storybook game object: telephone (電話), as in the emoji ☎️. Chunky rounded proportions, tactile material detail, 3/4 angle from slightly above, soft volumetric shading and specular highlight, soft contact shadow. Centered, isolated on pure white background. Square 1:1. --no text, flat vector, outlines"
item,item/1f944.webp,🥄 湯匙,"Single 3D storybook game object: spoon (湯匙), as in the emoji 🥄. Chunky rounded proportions, tactile material detail, 3/4 angle from slightly above, soft volumetric shading and specular highlight, soft contact shadow. Centered, isolated on pure white background. Square 1:1. --no text, flat vector, outlines"
item,item/1f41c.webp,🐜 螞蟻,"Single 3D storybook game object: ant (螞蟻), as in the emoji 🐜. Chunky rounded proportions, tactile material detail, 3/4 angle from slightly above, soft volumetric shading and specular highlight, soft contact shadow. Centered, isolated on pure white background. Square 1:1. --no text, flat vector, outlines"
item,item/270d.webp,✍️ 寫、作家,"Single 3D storybook game object: write (寫、作家), as in the emoji ✍️. Chunky rounded proportions, tactile material detail, 3/4 angle from slightly above, soft volumetric shading and specular highlight, soft contact shadow. Centered, isolated on pure white background. Square 1:1. --no text, flat vector, outlines"
item,item/1f483.webp,💃 跳舞,"Single 3D storybook game object: dance (跳舞), as in the emoji 💃. Chunky rounded proportions, tactile material detail, 3/4 angle from slightly above, soft volumetric shading and specular highlight, soft contact shadow. Centered, isolated on pure white background. Square 1:1. --no text, flat vector, outlines"
item,item/1f9fc.webp,🧼 洗、乾淨的、肥皂,"Single 3D storybook game object: wash (洗、乾淨的、肥皂), as in the emoji 🧼. Chunky rounded proportions, tactile material detail, 3/4 angle from slightly above, soft volumetric shading and specular highlight, soft contact shadow. Centered, isolated on pure white background. Square 1:1. --no text, flat vector, outlines"
item,item/1f9d7.webp,🧗 爬、困難的,"Single 3D storybook game object: climb (爬、困難的), as in the emoji 🧗. Chunky rounded proportions, tactile material detail, 3/4 angle from slightly above, soft volumetric shading and specular highlight, soft contact shadow. Centered, isolated on pure white background. Square 1:1. --no text, flat vector, outlines"
item,item/1f6b4.webp,🚴 騎,"Single 3D storybook game object: ride (騎), as in the emoji 🚴. Chunky rounded proportions, tactile material detail, 3/4 angle from slightly above, soft volumetric shading and specular highlight, soft contact shadow. Centered, isolated on pure white background. Square 1:1. --no text, flat vector, outlines"
item,item/1f962.webp,🥢 瘦的,"Single 3D storybook game object: thin (瘦的), as in the emoji 🥢. Chunky rounded proportions, tactile material detail, 3/4 angle from slightly above, soft volumetric shading and specular highlight, soft contact shadow. Centered, isolated on pure white background. Square 1:1. --no text, flat vector, outlines"
item,item/1f600.webp,😀 快樂的,"Single 3D storybook game object: happy (快樂的), as in the emoji 😀. Chunky rounded proportions, tactile material detail, 3/4 angle from slightly above, soft volumetric shading and specular highlight, soft contact shadow. Centered, isolated on pure white background. Square 1:1. --no text, flat vector, outlines"
item,item/1faba.webp,🪺 鳥巢,"Single 3D storybook game object: nest (鳥巢), as in the emoji 🪺. Chunky rounded proportions, tactile material detail, 3/4 angle from slightly above, soft volumetric shading and specular highlight, soft contact shadow. Centered, isolated on pure white background. Square 1:1. --no text, flat vector, outlines"
item,item/1f695.webp,🚕 計程車,"Single 3D storybook game object: taxi (計程車), as in the emoji 🚕. Chunky rounded proportions, tactile material detail, 3/4 angle from slightly above, soft volumetric shading and specular highlight, soft contact shadow. Centered, isolated on pure white background. Square 1:1. --no text, flat vector, outlines"
item,item/1f3cd.webp,🏍️ 機車,"Single 3D storybook game object: motorcycle (機車), as in the emoji 🏍️. Chunky rounded proportions, tactile material detail, 3/4 angle from slightly above, soft volumetric shading and specular highlight, soft contact shadow. Centered, isolated on pure white background. Square 1:1. --no text, flat vector, outlines"
item,item/1f687.webp,🚇 捷運,"Single 3D storybook game object: MRT (捷運), as in the emoji 🚇. Chunky rounded proportions, tactile material detail, 3/4 angle from slightly above, soft volumetric shading and specular highlight, soft contact shadow. Centered, isolated on pure white background. Square 1:1. --no text, flat vector, outlines"
item,item/1f468-200d-2695.webp,👨‍⚕️ 醫生,"Single 3D storybook game object: doctor (醫生), as in the emoji 👨‍⚕️. Chunky rounded proportions, tactile material detail, 3/4 angle from slightly above, soft volumetric shading and specular highlight, soft contact shadow. Centered, isolated on pure white background. Square 1:1. --no text, flat vector, outlines"
item,item/1f9d1-200d-1f393.webp,🧑‍🎓 學生,"Single 3D storybook game object: student (學生), as in the emoji 🧑‍🎓. Chunky rounded proportions, tactile material detail, 3/4 angle from slightly above, soft volumetric shading and specular highlight, soft contact shadow. Centered, isolated on pure white background. Square 1:1. --no text, flat vector, outlines"
item,item/1f468-200d-1f373.webp,👨‍🍳 廚師,"Single 3D storybook game object: cook (廚師), as in the emoji 👨‍🍳. Chunky rounded proportions, tactile material detail, 3/4 angle from slightly above, soft volumetric shading and specular highlight, soft contact shadow. Centered, isolated on pure white background. Square 1:1. --no text, flat vector, outlines"
item,item/1f46e.webp,👮 警察,"Single 3D storybook game object: police officer (警察), as in the emoji 👮. Chunky rounded proportions, tactile material detail, 3/4 angle from slightly above, soft volumetric shading and specular highlight, soft contact shadow. Centered, isolated on pure white background. Square 1:1. --no text, flat vector, outlines"
item,item/1f468-200d-1f692.webp,👨‍🚒 消防員,"Single 3D storybook game object: firefighter (消防員), as in the emoji 👨‍🚒. Chunky rounded proportions, tactile material detail, 3/4 angle from slightly above, soft volumetric shading and specular highlight, soft contact shadow. Centered, isolated on pure white background. Square 1:1. --no text, flat vector, outlines"
item,item/1f9d1-200d-1f3a4.webp,🧑‍🎤 歌手,"Single 3D storybook game object: singer (歌手), as in the emoji 🧑‍🎤. Chunky rounded proportions, tactile material detail, 3/4 angle from slightly above, soft volumetric shading and specular highlight, soft contact shadow. Centered, isolated on pure white background. Square 1:1. --no text, flat vector, outlines"
item,item/1f696.webp,🚖 司機,"Single 3D storybook game object: driver (司機), as in the emoji 🚖. Chunky rounded proportions, tactile material detail, 3/4 angle from slightly above, soft volumetric shading and specular highlight, soft contact shadow. Centered, isolated on pure white background. Square 1:1. --no text, flat vector, outlines"
item,item/1f477.webp,👷 工人,"Single 3D storybook game object: worker (工人), as in the emoji 👷. Chunky rounded proportions, tactile material detail, 3/4 angle from slightly above, soft volumetric shading and specular highlight, soft contact shadow. Centered, isolated on pure white background. Square 1:1. --no text, flat vector, outlines"
item,item/1f9d1-200d-2708.webp,🧑‍✈️ 飛行員,"Single 3D storybook game object: pilot (飛行員), as in the emoji 🧑‍✈️. Chunky rounded proportions, tactile material detail, 3/4 angle from slightly above, soft volumetric shading and specular highlight, soft contact shadow. Centered, isolated on pure white background. Square 1:1. --no text, flat vector, outlines"
item,item/1f524.webp,🔤 英文,"Single 3D storybook game object: English (英文), as in the emoji 🔤. Chunky rounded proportions, tactile material detail, 3/4 angle from slightly above, soft volumetric shading and specular highlight, soft contact shadow. Centered, isolated on pure white background. Square 1:1. --no text, flat vector, outlines"
item,item/1f522.webp,🔢 數學、多少（個）,"Single 3D storybook game object: math (數學、多少（個）), as in the emoji 🔢. Chunky rounded proportions, tactile material detail, 3/4 angle from slightly above, soft volumetric shading and specular highlight, soft contact shadow. Centered, isolated on pure white background. Square 1:1. --no text, flat vector, outlines"
item,item/1f52c.webp,🔬 自然、科學家,"Single 3D storybook game object: science (自然、科學家), as in the emoji 🔬. Chunky rounded proportions, tactile material detail, 3/4 angle from slightly above, soft volumetric shading and specular highlight, soft contact shadow. Centered, isolated on pure white background. Square 1:1. --no text, flat vector, outlines"
item,item/1f3e5.webp,🏥 醫院,"Single 3D storybook game object: hospital (醫院), as in the emoji 🏥. Chunky rounded proportions, tactile material detail, 3/4 angle from slightly above, soft volumetric shading and specular highlight, soft contact shadow. Centered, isolated on pure white background. Square 1:1. --no text, flat vector, outlines"
item,item/1f3e6.webp,🏦 銀行,"Single 3D storybook game object: bank (銀行), as in the emoji 🏦. Chunky rounded proportions, tactile material detail, 3/4 angle from slightly above, soft volumetric shading and specular highlight, soft contact shadow. Centered, isolated on pure white background. Square 1:1. --no text, flat vector, outlines"
item,item/1f4ee.webp,📮 郵局、郵差,"Single 3D storybook game object: post office (郵局、郵差), as in the emoji 📮. Chunky rounded proportions, tactile material detail, 3/4 angle from slightly above, soft volumetric shading and specular highlight, soft contact shadow. Centered, isolated on pure white background. Square 1:1. --no text, flat vector, outlines"
item,item/1f689.webp,🚉 車站,"Single 3D storybook game object: station (車站), as in the emoji 🚉. Chunky rounded proportions, tactile material detail, 3/4 angle from slightly above, soft volumetric shading and specular highlight, soft contact shadow. Centered, isolated on pure white background. Square 1:1. --no text, flat vector, outlines"
item,item/1f932.webp,🤲 有,"Single 3D storybook game object: have (有), as in the emoji 🤲. Chunky rounded proportions, tactile material detail, 3/4 angle from slightly above, soft volumetric shading and specular highlight, soft contact shadow. Centered, isolated on pure white background. Square 1:1. --no text, flat vector, outlines"
item,item/1f5e3.webp,🗣️ 講話、語言、跟著我唸,"Single 3D storybook game object: talk (講話、語言、跟著我唸), as in the emoji 🗣️. Chunky rounded proportions, tactile material detail, 3/4 angle from slightly above, soft volumetric shading and specular highlight, soft contact shadow. Centered, isolated on pure white background. Square 1:1. --no text, flat vector, outlines"
item,item/1f6e0.webp,🛠️ 做、如何,"Single 3D storybook game object: make (做、如何), as in the emoji 🛠️. Chunky rounded proportions, tactile material detail, 3/4 angle from slightly above, soft volumetric shading and specular highlight, soft contact shadow. Centered, isolated on pure white background. Square 1:1. --no text, flat vector, outlines"
item,item/1f6cd.webp,🛍️ 買、購物、特價,"Single 3D storybook game object: buy (買、購物、特價), as in the emoji 🛍️. Chunky rounded proportions, tactile material detail, 3/4 angle from slightly above, soft volumetric shading and specular highlight, soft contact shadow. Centered, isolated on pure white background. Square 1:1. --no text, flat vector, outlines"
item,item/1f90f.webp,🤏 拿,"Single 3D storybook game object: take (拿), as in the emoji 🤏. Chunky rounded proportions, tactile material detail, 3/4 angle from slightly above, soft volumetric shading and specular highlight, soft contact shadow. Centered, isolated on pure white background. Square 1:1. --no text, flat vector, outlines"
item,item/1f62b.webp,😫 累的,"Single 3D storybook game object: tired (累的), as in the emoji 😫. Chunky rounded proportions, tactile material detail, 3/4 angle from slightly above, soft volumetric shading and specular highlight, soft contact shadow. Centered, isolated on pure white background. Square 1:1. --no text, flat vector, outlines"
item,item/1f912.webp,🤒 生病的、發燒,"Single 3D storybook game object: sick (生病的、發燒), as in the emoji 🤒. Chunky rounded proportions, tactile material detail, 3/4 angle from slightly above, soft volumetric shading and specular highlight, soft contact shadow. Centered, isolated on pure white background. Square 1:1. --no text, flat vector, outlines"
item,item/1f4bc.webp,💼 忙的、商人,"Single 3D storybook game object: busy (忙的、商人), as in the emoji 💼. Chunky rounded proportions, tactile material detail, 3/4 angle from slightly above, soft volumetric shading and specular highlight, soft contact shadow. Centered, isolated on pure white background. Square 1:1. --no text, flat vector, outlines"
item,item/1f339.webp,🌹 美麗的,"Single 3D storybook game object: beautiful (美麗的), as in the emoji 🌹. Chunky rounded proportions, tactile material detail, 3/4 angle from slightly above, soft volumetric shading and specular highlight, soft contact shadow. Centered, isolated on pure white background. Square 1:1. --no text, flat vector, outlines"
item,item/1f3cb.webp,🏋️ 重的,"Single 3D storybook game object: heavy (重的), as in the emoji 🏋️. Chunky rounded proportions, tactile material detail, 3/4 angle from slightly above, soft volumetric shading and specular highlight, soft contact shadow. Centered, isolated on pure white background. Square 1:1. --no text, flat vector, outlines"
item,item/1fab6.webp,🪶 輕的,"Single 3D storybook game object: light (輕的), as in the emoji 🪶. Chunky rounded proportions, tactile material detail, 3/4 angle from slightly above, soft volumetric shading and specular highlight, soft contact shadow. Centered, isolated on pure white background. Square 1:1. --no text, flat vector, outlines"
item,item/1f620.webp,😠 生氣的,"Single 3D storybook game object: angry (生氣的), as in the emoji 😠. Chunky rounded proportions, tactile material detail, 3/4 angle from slightly above, soft volumetric shading and specular highlight, soft contact shadow. Centered, isolated on pure white background. Square 1:1. --no text, flat vector, outlines"
item,item/1f628.webp,😨 害怕的,"Single 3D storybook game object: scared (害怕的), as in the emoji 😨. Chunky rounded proportions, tactile material detail, 3/4 angle from slightly above, soft volumetric shading and specular highlight, soft contact shadow. Centered, isolated on pure white background. Square 1:1. --no text, flat vector, outlines"
item,item/1f929.webp,🤩 興奮的、很棒、很棒的,"Single 3D storybook game object: excited (興奮的、很棒、很棒的), as in the emoji 🤩. Chunky rounded proportions, tactile material detail, 3/4 angle from slightly above, soft volumetric shading and specular highlight, soft contact shadow. Centered, isolated on pure white background. Square 1:1. --no text, flat vector, outlines"
item,item/1f611.webp,😑 無聊的,"Single 3D storybook game object: bored (無聊的), as in the emoji 😑. Chunky rounded proportions, tactile material detail, 3/4 angle from slightly above, soft volumetric shading and specular highlight, soft contact shadow. Centered, isolated on pure white background. Square 1:1. --no text, flat vector, outlines"
item,item/1f988.webp,🦈 鯊魚,"Single 3D storybook game object: shark (鯊魚), as in the emoji 🦈. Chunky rounded proportions, tactile material detail, 3/4 angle from slightly above, soft volumetric shading and specular highlight, soft contact shadow. Centered, isolated on pure white background. Square 1:1. --no text, flat vector, outlines"
item,item/1f42b.webp,🐫 駱駝,"Single 3D storybook game object: camel (駱駝), as in the emoji 🐫. Chunky rounded proportions, tactile material detail, 3/4 angle from slightly above, soft volumetric shading and specular highlight, soft contact shadow. Centered, isolated on pure white background. Square 1:1. --no text, flat vector, outlines"
item,item/1f345.webp,🍅 番茄,"Single 3D storybook game object: tomato (番茄), as in the emoji 🍅. Chunky rounded proportions, tactile material detail, 3/4 angle from slightly above, soft volumetric shading and specular highlight, soft contact shadow. Centered, isolated on pure white background. Square 1:1. --no text, flat vector, outlines"
item,item/1f954.webp,🥔 馬鈴薯,"Single 3D storybook game object: potato (馬鈴薯), as in the emoji 🥔. Chunky rounded proportions, tactile material detail, 3/4 angle from slightly above, soft volumetric shading and specular highlight, soft contact shadow. Centered, isolated on pure white background. Square 1:1. --no text, flat vector, outlines"
item,item/1f9c5.webp,🧅 洋蔥,"Single 3D storybook game object: onion (洋蔥), as in the emoji 🧅. Chunky rounded proportions, tactile material detail, 3/4 angle from slightly above, soft volumetric shading and specular highlight, soft contact shadow. Centered, isolated on pure white background. Square 1:1. --no text, flat vector, outlines"
item,item/1f96d.webp,🥭 芒果,"Single 3D storybook game object: mango (芒果), as in the emoji 🥭. Chunky rounded proportions, tactile material detail, 3/4 angle from slightly above, soft volumetric shading and specular highlight, soft contact shadow. Centered, isolated on pure white background. Square 1:1. --no text, flat vector, outlines"
item,item/1f352.webp,🍒 櫻桃,"Single 3D storybook game object: cherry (櫻桃), as in the emoji 🍒. Chunky rounded proportions, tactile material detail, 3/4 angle from slightly above, soft volumetric shading and specular highlight, soft contact shadow. Centered, isolated on pure white background. Square 1:1. --no text, flat vector, outlines"
item,item/1f350.webp,🍐 梨子,"Single 3D storybook game object: pear (梨子), as in the emoji 🍐. Chunky rounded proportions, tactile material detail, 3/4 angle from slightly above, soft volumetric shading and specular highlight, soft contact shadow. Centered, isolated on pure white background. Square 1:1. --no text, flat vector, outlines"
item,item/1f348.webp,🍈 芭樂,"Single 3D storybook game object: guava (芭樂), as in the emoji 🍈. Chunky rounded proportions, tactile material detail, 3/4 angle from slightly above, soft volumetric shading and specular highlight, soft contact shadow. Centered, isolated on pure white background. Square 1:1. --no text, flat vector, outlines"
item,item/1f9e1.webp,🧡 木瓜,"Single 3D storybook game object: papaya (木瓜), as in the emoji 🧡. Chunky rounded proportions, tactile material detail, 3/4 angle from slightly above, soft volumetric shading and specular highlight, soft contact shadow. Centered, isolated on pure white background. Square 1:1. --no text, flat vector, outlines"
item,item/1f966.webp,🥦 蔬菜,"Single 3D storybook game object: vegetable (蔬菜), as in the emoji 🥦. Chunky rounded proportions, tactile material detail, 3/4 angle from slightly above, soft volumetric shading and specular highlight, soft contact shadow. Centered, isolated on pure white background. Square 1:1. --no text, flat vector, outlines"
item,item/26be.webp,⚾ 棒球,"Single 3D storybook game object: baseball (棒球), as in the emoji ⚾. Chunky rounded proportions, tactile material detail, 3/4 angle from slightly above, soft volumetric shading and specular highlight, soft contact shadow. Centered, isolated on pure white background. Square 1:1. --no text, flat vector, outlines"
item,item/1f3be.webp,🎾 網球,"Single 3D storybook game object: tennis (網球), as in the emoji 🎾. Chunky rounded proportions, tactile material detail, 3/4 angle from slightly above, soft volumetric shading and specular highlight, soft contact shadow. Centered, isolated on pure white background. Square 1:1. --no text, flat vector, outlines"
item,item/1f3f8.webp,🏸 羽球,"Single 3D storybook game object: badminton (羽球), as in the emoji 🏸. Chunky rounded proportions, tactile material detail, 3/4 angle from slightly above, soft volumetric shading and specular highlight, soft contact shadow. Centered, isolated on pure white background. Square 1:1. --no text, flat vector, outlines"
item,item/1f3d3.webp,🏓 桌球,"Single 3D storybook game object: table tennis (桌球), as in the emoji 🏓. Chunky rounded proportions, tactile material detail, 3/4 angle from slightly above, soft volumetric shading and specular highlight, soft contact shadow. Centered, isolated on pure white background. Square 1:1. --no text, flat vector, outlines"
item,item/1f3c5.webp,🏅 運動,"Single 3D storybook game object: sport (運動), as in the emoji 🏅. Chunky rounded proportions, tactile material detail, 3/4 angle from slightly above, soft volumetric shading and specular highlight, soft contact shadow. Centered, isolated on pure white background. Square 1:1. --no text, flat vector, outlines"
item,item/1f306.webp,🌆 傍晚,"Single 3D storybook game object: evening (傍晚), as in the emoji 🌆. Chunky rounded proportions, tactile material detail, 3/4 angle from slightly above, soft volumetric shading and specular highlight, soft contact shadow. Centered, isolated on pure white background. Square 1:1. --no text, flat vector, outlines"
item,item/27a1.webp,➡️ 明天,"Single 3D storybook game object: tomorrow (明天), as in the emoji ➡️. Chunky rounded proportions, tactile material detail, 3/4 angle from slightly above, soft volumetric shading and specular highlight, soft contact shadow. Centered, isolated on pure white background. Square 1:1. --no text, flat vector, outlines"
item,item/2b05.webp,⬅️ 昨天,"Single 3D storybook game object: yesterday (昨天), as in the emoji ⬅️. Chunky rounded proportions, tactile material detail, 3/4 angle from slightly above, soft volumetric shading and specular highlight, soft contact shadow. Centered, isolated on pure white background. Square 1:1. --no text, flat vector, outlines"
item,item/1f5d3.webp,🗓️ 星期,"Single 3D storybook game object: week (星期), as in the emoji 🗓️. Chunky rounded proportions, tactile material detail, 3/4 angle from slightly above, soft volumetric shading and specular highlight, soft contact shadow. Centered, isolated on pure white background. Square 1:1. --no text, flat vector, outlines"
item,item/1f386.webp,🎆 年、新年,"Single 3D storybook game object: year (年、新年), as in the emoji 🎆. Chunky rounded proportions, tactile material detail, 3/4 angle from slightly above, soft volumetric shading and specular highlight, soft contact shadow. Centered, isolated on pure white background. Square 1:1. --no text, flat vector, outlines"
item,item/2194.webp,↔️ 在…旁邊、在…中間,"Single 3D storybook game object: next to (在…旁邊、在…中間), as in the emoji ↔️. Chunky rounded proportions, tactile material detail, 3/4 angle from slightly above, soft volumetric shading and specular highlight, soft contact shadow. Centered, isolated on pure white background. Square 1:1. --no text, flat vector, outlines"
item,item/1f519.webp,🔙 在…後面,"Single 3D storybook game object: behind (在…後面), as in the emoji 🔙. Chunky rounded proportions, tactile material detail, 3/4 angle from slightly above, soft volumetric shading and specular highlight, soft contact shadow. Centered, isolated on pure white background. Square 1:1. --no text, flat vector, outlines"
item,item/1f51c.webp,🔜 在…前面,"Single 3D storybook game object: in front of (在…前面), as in the emoji 🔜. Chunky rounded proportions, tactile material detail, 3/4 angle from slightly above, soft volumetric shading and specular highlight, soft contact shadow. Centered, isolated on pure white background. Square 1:1. --no text, flat vector, outlines"
item,item/1f4cd.webp,📍 在…附近、哪裡,"Single 3D storybook game object: near (在…附近、哪裡), as in the emoji 📍. Chunky rounded proportions, tactile material detail, 3/4 angle from slightly above, soft volumetric shading and specular highlight, soft contact shadow. Centered, isolated on pure white background. Square 1:1. --no text, flat vector, outlines"
item,item/1f914.webp,🤔 為什麼,"Single 3D storybook game object: why (為什麼), as in the emoji 🤔. Chunky rounded proportions, tactile material detail, 3/4 angle from slightly above, soft volumetric shading and specular highlight, soft contact shadow. Centered, isolated on pure white background. Square 1:1. --no text, flat vector, outlines"
item,item/261d.webp,☝️ 哪一個,"Single 3D storybook game object: which (哪一個), as in the emoji ☝️. Chunky rounded proportions, tactile material detail, 3/4 angle from slightly above, soft volumetric shading and specular highlight, soft contact shadow. Centered, isolated on pure white background. Square 1:1. --no text, flat vector, outlines"
item,item/1f4b0.webp,💰 多少（錢）、錢,"Single 3D storybook game object: how much (多少（錢）、錢), as in the emoji 💰. Chunky rounded proportions, tactile material detail, 3/4 angle from slightly above, soft volumetric shading and specular highlight, soft contact shadow. Centered, isolated on pure white background. Square 1:1. --no text, flat vector, outlines"
item,item/1f342.webp,🍂 秋天,"Single 3D storybook game object: fall (秋天), as in the emoji 🍂. Chunky rounded proportions, tactile material detail, 3/4 angle from slightly above, soft volumetric shading and specular highlight, soft contact shadow. Centered, isolated on pure white background. Square 1:1. --no text, flat vector, outlines"
item,item/1f384.webp,🎄 聖誕節,"Single 3D storybook game object: Christmas (聖誕節), as in the emoji 🎄. Chunky rounded proportions, tactile material detail, 3/4 angle from slightly above, soft volumetric shading and specular highlight, soft contact shadow. Centered, isolated on pure white background. Square 1:1. --no text, flat vector, outlines"
item,item/1f383.webp,🎃 萬聖節,"Single 3D storybook game object: Halloween (萬聖節), as in the emoji 🎃. Chunky rounded proportions, tactile material detail, 3/4 angle from slightly above, soft volumetric shading and specular highlight, soft contact shadow. Centered, isolated on pure white background. Square 1:1. --no text, flat vector, outlines"
item,item/1f9f3.webp,🧳 假期、旅行、行李,"Single 3D storybook game object: vacation (假期、旅行、行李), as in the emoji 🧳. Chunky rounded proportions, tactile material detail, 3/4 angle from slightly above, soft volumetric shading and specular highlight, soft contact shadow. Centered, isolated on pure white background. Square 1:1. --no text, flat vector, outlines"
item,item/1f973.webp,🥳 派對,"Single 3D storybook game object: party (派對), as in the emoji 🥳. Chunky rounded proportions, tactile material detail, 3/4 angle from slightly above, soft volumetric shading and specular highlight, soft contact shadow. Centered, isolated on pure white background. Square 1:1. --no text, flat vector, outlines"
item,item/1f48c.webp,💌 卡片、邀請,"Single 3D storybook game object: card (卡片、邀請), as in the emoji 💌. Chunky rounded proportions, tactile material detail, 3/4 angle from slightly above, soft volumetric shading and specular highlight, soft contact shadow. Centered, isolated on pure white background. Square 1:1. --no text, flat vector, outlines"
item,item/1f3db.webp,🏛️ 博物館、歷史,"Single 3D storybook game object: museum (博物館、歷史), as in the emoji 🏛️. Chunky rounded proportions, tactile material detail, 3/4 angle from slightly above, soft volumetric shading and specular highlight, soft contact shadow. Centered, isolated on pure white background. Square 1:1. --no text, flat vector, outlines"
item,item/1f3ac.webp,🎬 電影院、電影,"Single 3D storybook game object: theater (電影院、電影), as in the emoji 🎬. Chunky rounded proportions, tactile material detail, 3/4 angle from slightly above, soft volumetric shading and specular highlight, soft contact shadow. Centered, isolated on pure white background. Square 1:1. --no text, flat vector, outlines"
item,item/26ea.webp,⛪ 教堂,"Single 3D storybook game object: church (教堂), as in the emoji ⛪. Chunky rounded proportions, tactile material detail, 3/4 angle from slightly above, soft volumetric shading and specular highlight, soft contact shadow. Centered, isolated on pure white background. Square 1:1. --no text, flat vector, outlines"
item,item/1f6d5.webp,🛕 寺廟,"Single 3D storybook game object: temple (寺廟), as in the emoji 🛕. Chunky rounded proportions, tactile material detail, 3/4 angle from slightly above, soft volumetric shading and specular highlight, soft contact shadow. Centered, isolated on pure white background. Square 1:1. --no text, flat vector, outlines"
item,item/1f950.webp,🥐 麵包店,"Single 3D storybook game object: bakery (麵包店), as in the emoji 🥐. Chunky rounded proportions, tactile material detail, 3/4 angle from slightly above, soft volumetric shading and specular highlight, soft contact shadow. Centered, isolated on pure white background. Square 1:1. --no text, flat vector, outlines"
item,item/1f3e8.webp,🏨 飯店,"Single 3D storybook game object: hotel (飯店), as in the emoji 🏨. Chunky rounded proportions, tactile material detail, 3/4 angle from slightly above, soft volumetric shading and specular highlight, soft contact shadow. Centered, isolated on pure white background. Square 1:1. --no text, flat vector, outlines"
item,item/1f3d9.webp,🏙️ 城市、現代的,"Single 3D storybook game object: city (城市、現代的), as in the emoji 🏙️. Chunky rounded proportions, tactile material detail, 3/4 angle from slightly above, soft volumetric shading and specular highlight, soft contact shadow. Centered, isolated on pure white background. Square 1:1. --no text, flat vector, outlines"
item,item/1f3d8.webp,🏘️ 小鎮,"Single 3D storybook game object: town (小鎮), as in the emoji 🏘️. Chunky rounded proportions, tactile material detail, 3/4 angle from slightly above, soft volumetric shading and specular highlight, soft contact shadow. Centered, isolated on pure white background. Square 1:1. --no text, flat vector, outlines"
item,item/1f6e3.webp,🛣️ 街道,"Single 3D storybook game object: street (街道), as in the emoji 🛣️. Chunky rounded proportions, tactile material detail, 3/4 angle from slightly above, soft volumetric shading and specular highlight, soft contact shadow. Centered, isolated on pure white background. Square 1:1. --no text, flat vector, outlines"
item,item/1f6e4.webp,🛤️ 道路,"Single 3D storybook game object: road (道路), as in the emoji 🛤️. Chunky rounded proportions, tactile material detail, 3/4 angle from slightly above, soft volumetric shading and specular highlight, soft contact shadow. Centered, isolated on pure white background. Square 1:1. --no text, flat vector, outlines"
item,item/1f309.webp,🌉 橋、越過,"Single 3D storybook game object: bridge (橋、越過), as in the emoji 🌉. Chunky rounded proportions, tactile material detail, 3/4 angle from slightly above, soft volumetric shading and specular highlight, soft contact shadow. Centered, isolated on pure white background. Square 1:1. --no text, flat vector, outlines"
item,item/1faa8.webp,🪨 石頭、困難的／硬的,"Single 3D storybook game object: rock (石頭、困難的／硬的), as in the emoji 🪨. Chunky rounded proportions, tactile material detail, 3/4 angle from slightly above, soft volumetric shading and specular highlight, soft contact shadow. Centered, isolated on pure white background. Square 1:1. --no text, flat vector, outlines"
item,item/1f3dd.webp,🏝️ 島,"Single 3D storybook game object: island (島), as in the emoji 🏝️. Chunky rounded proportions, tactile material detail, 3/4 angle from slightly above, soft volumetric shading and specular highlight, soft contact shadow. Centered, isolated on pure white background. Square 1:1. --no text, flat vector, outlines"
item,item/1f9fb.webp,🧻 毛巾,"Single 3D storybook game object: towel (毛巾), as in the emoji 🧻. Chunky rounded proportions, tactile material detail, 3/4 angle from slightly above, soft volumetric shading and specular highlight, soft contact shadow. Centered, isolated on pure white background. Square 1:1. --no text, flat vector, outlines"
item,item/1faae.webp,🪮 梳子,"Single 3D storybook game object: comb (梳子), as in the emoji 🪮. Chunky rounded proportions, tactile material detail, 3/4 angle from slightly above, soft volumetric shading and specular highlight, soft contact shadow. Centered, isolated on pure white background. Square 1:1. --no text, flat vector, outlines"
item,item/1f4f7.webp,📷 相機、相片,"Single 3D storybook game object: camera (相機、相片), as in the emoji 📷. Chunky rounded proportions, tactile material detail, 3/4 angle from slightly above, soft volumetric shading and specular highlight, soft contact shadow. Centered, isolated on pure white background. Square 1:1. --no text, flat vector, outlines"
item,item/1f4bb.webp,💻 電腦,"Single 3D storybook game object: computer (電腦), as in the emoji 💻. Chunky rounded proportions, tactile material detail, 3/4 angle from slightly above, soft volumetric shading and specular highlight, soft contact shadow. Centered, isolated on pure white background. Square 1:1. --no text, flat vector, outlines"
item,item/1f4fb.webp,📻 收音機,"Single 3D storybook game object: radio (收音機), as in the emoji 📻. Chunky rounded proportions, tactile material detail, 3/4 angle from slightly above, soft volumetric shading and specular highlight, soft contact shadow. Centered, isolated on pure white background. Square 1:1. --no text, flat vector, outlines"
item,item/1f6bf.webp,🚿 洗臉,"Single 3D storybook game object: wash my face (洗臉), as in the emoji 🚿. Chunky rounded proportions, tactile material detail, 3/4 angle from slightly above, soft volumetric shading and specular highlight, soft contact shadow. Centered, isolated on pure white background. Square 1:1. --no text, flat vector, outlines"
item,item/1f35d.webp,🍝 晚餐,"Single 3D storybook game object: dinner (晚餐), as in the emoji 🍝. Chunky rounded proportions, tactile material detail, 3/4 angle from slightly above, soft volumetric shading and specular highlight, soft contact shadow. Centered, isolated on pure white background. Square 1:1. --no text, flat vector, outlines"
item,item/1f92b.webp,🤫 安靜的、安靜地、安靜,"Single 3D storybook game object: quiet (安靜的、安靜地、安靜), as in the emoji 🤫. Chunky rounded proportions, tactile material detail, 3/4 angle from slightly above, soft volumetric shading and specular highlight, soft contact shadow. Centered, isolated on pure white background. Square 1:1. --no text, flat vector, outlines"
item,item/1f4e2.webp,📢 吵鬧的、大聲地,"Single 3D storybook game object: noisy (吵鬧的、大聲地), as in the emoji 📢. Chunky rounded proportions, tactile material detail, 3/4 angle from slightly above, soft volumetric shading and specular highlight, soft contact shadow. Centered, isolated on pure white background. Square 1:1. --no text, flat vector, outlines"
item,item/1f3f7.webp,🏷️ 便宜的、價錢,"Single 3D storybook game object: cheap (便宜的、價錢), as in the emoji 🏷️. Chunky rounded proportions, tactile material detail, 3/4 angle from slightly above, soft volumetric shading and specular highlight, soft contact shadow. Centered, isolated on pure white background. Square 1:1. --no text, flat vector, outlines"
item,item/1f48e.webp,💎 貴的,"Single 3D storybook game object: expensive (貴的), as in the emoji 💎. Chunky rounded proportions, tactile material detail, 3/4 angle from slightly above, soft volumetric shading and specular highlight, soft contact shadow. Centered, isolated on pure white background. Square 1:1. --no text, flat vector, outlines"
item,item/1fad9.webp,🫙 空的,"Single 3D storybook game object: empty (空的), as in the emoji 🫙. Chunky rounded proportions, tactile material detail, 3/4 angle from slightly above, soft volumetric shading and specular highlight, soft contact shadow. Centered, isolated on pure white background. Square 1:1. --no text, flat vector, outlines"
item,item/1f311.webp,🌑 暗的,"Single 3D storybook game object: dark (暗的), as in the emoji 🌑. Chunky rounded proportions, tactile material detail, 3/4 angle from slightly above, soft volumetric shading and specular highlight, soft contact shadow. Centered, isolated on pure white background. Square 1:1. --no text, flat vector, outlines"
item,item/1f506.webp,🔆 明亮的,"Single 3D storybook game object: bright (明亮的), as in the emoji 🔆. Chunky rounded proportions, tactile material detail, 3/4 angle from slightly above, soft volumetric shading and specular highlight, soft contact shadow. Centered, isolated on pure white background. Square 1:1. --no text, flat vector, outlines"
item,item/1f36d.webp,🍭 甜的,"Single 3D storybook game object: sweet (甜的), as in the emoji 🍭. Chunky rounded proportions, tactile material detail, 3/4 angle from slightly above, soft volumetric shading and specular highlight, soft contact shadow. Centered, isolated on pure white background. Square 1:1. --no text, flat vector, outlines"
item,item/1f3af.webp,🎯 嗜好、練習、機會,"Single 3D storybook game object: hobby (嗜好、練習、機會), as in the emoji 🎯. Chunky rounded proportions, tactile material detail, 3/4 angle from slightly above, soft volumetric shading and specular highlight, soft contact shadow. Centered, isolated on pure white background. Square 1:1. --no text, flat vector, outlines"
item,item/1f3a3.webp,🎣 釣魚,"Single 3D storybook game object: fishing (釣魚), as in the emoji 🎣. Chunky rounded proportions, tactile material detail, 3/4 angle from slightly above, soft volumetric shading and specular highlight, soft contact shadow. Centered, isolated on pure white background. Square 1:1. --no text, flat vector, outlines"
item,item/1f3d5.webp,🏕️ 露營,"Single 3D storybook game object: camping (露營), as in the emoji 🏕️. Chunky rounded proportions, tactile material detail, 3/4 angle from slightly above, soft volumetric shading and specular highlight, soft contact shadow. Centered, isolated on pure white background. Square 1:1. --no text, flat vector, outlines"
item,item/1f97e.webp,🥾 健行,"Single 3D storybook game object: hiking (健行), as in the emoji 🥾. Chunky rounded proportions, tactile material detail, 3/4 angle from slightly above, soft volumetric shading and specular highlight, soft contact shadow. Centered, isolated on pure white background. Square 1:1. --no text, flat vector, outlines"
item,item/1f3b9.webp,🎹 鋼琴,"Single 3D storybook game object: piano (鋼琴), as in the emoji 🎹. Chunky rounded proportions, tactile material detail, 3/4 angle from slightly above, soft volumetric shading and specular highlight, soft contact shadow. Centered, isolated on pure white background. Square 1:1. --no text, flat vector, outlines"
item,item/1f922.webp,🤢 肚子痛,"Single 3D storybook game object: stomachache (肚子痛), as in the emoji 🤢. Chunky rounded proportions, tactile material detail, 3/4 angle from slightly above, soft volumetric shading and specular highlight, soft contact shadow. Centered, isolated on pure white background. Square 1:1. --no text, flat vector, outlines"
item,item/1f927.webp,🤧 感冒,"Single 3D storybook game object: cold (感冒), as in the emoji 🤧. Chunky rounded proportions, tactile material detail, 3/4 angle from slightly above, soft volumetric shading and specular highlight, soft contact shadow. Centered, isolated on pure white background. Square 1:1. --no text, flat vector, outlines"
item,item/1f637.webp,😷 咳嗽,"Single 3D storybook game object: cough (咳嗽), as in the emoji 😷. Chunky rounded proportions, tactile material detail, 3/4 angle from slightly above, soft volumetric shading and specular highlight, soft contact shadow. Centered, isolated on pure white background. Square 1:1. --no text, flat vector, outlines"
item,item/1f48a.webp,💊 藥,"Single 3D storybook game object: medicine (藥), as in the emoji 💊. Chunky rounded proportions, tactile material detail, 3/4 angle from slightly above, soft volumetric shading and specular highlight, soft contact shadow. Centered, isolated on pure white background. Square 1:1. --no text, flat vector, outlines"
item,item/1f62c.webp,😬 緊張的,"Single 3D storybook game object: nervous (緊張的), as in the emoji 😬. Chunky rounded proportions, tactile material detail, 3/4 angle from slightly above, soft volumetric shading and specular highlight, soft contact shadow. Centered, isolated on pure white background. Square 1:1. --no text, flat vector, outlines"
item,item/1f60c.webp,😌 驕傲的、舒服的,"Single 3D storybook game object: proud (驕傲的、舒服的), as in the emoji 😌. Chunky rounded proportions, tactile material detail, 3/4 angle from slightly above, soft volumetric shading and specular highlight, soft contact shadow. Centered, isolated on pure white background. Square 1:1. --no text, flat vector, outlines"
item,item/1f64d.webp,🙍 寂寞的,"Single 3D storybook game object: lonely (寂寞的), as in the emoji 🙍. Chunky rounded proportions, tactile material detail, 3/4 angle from slightly above, soft volumetric shading and specular highlight, soft contact shadow. Centered, isolated on pure white background. Square 1:1. --no text, flat vector, outlines"
item,item/1f631.webp,😱 害怕的、糟糕的,"Single 3D storybook game object: afraid (害怕的、糟糕的), as in the emoji 😱. Chunky rounded proportions, tactile material detail, 3/4 angle from slightly above, soft volumetric shading and specular highlight, soft contact shadow. Centered, isolated on pure white background. Square 1:1. --no text, flat vector, outlines"
item,item/2705.webp,✅ 確定的、完成、真的,"Single 3D storybook game object: sure (確定的、完成、真的), as in the emoji ✅. Chunky rounded proportions, tactile material detail, 3/4 angle from slightly above, soft volumetric shading and specular highlight, soft contact shadow. Centered, isolated on pure white background. Square 1:1. --no text, flat vector, outlines"
item,item/1f9d0.webp,🧐 感興趣的,"Single 3D storybook game object: interested (感興趣的), as in the emoji 🧐. Chunky rounded proportions, tactile material detail, 3/4 angle from slightly above, soft volumetric shading and specular highlight, soft contact shadow. Centered, isolated on pure white background. Square 1:1. --no text, flat vector, outlines"
item,item/1f340.webp,🍀 幸運的,"Single 3D storybook game object: lucky (幸運的), as in the emoji 🍀. Chunky rounded proportions, tactile material detail, 3/4 angle from slightly above, soft volumetric shading and specular highlight, soft contact shadow. Centered, isolated on pure white background. Square 1:1. --no text, flat vector, outlines"
item,item/1f61e.webp,😞 難過的,"Single 3D storybook game object: upset (難過的), as in the emoji 😞. Chunky rounded proportions, tactile material detail, 3/4 angle from slightly above, soft volumetric shading and specular highlight, soft contact shadow. Centered, isolated on pure white background. Square 1:1. --no text, flat vector, outlines"
item,item/1f9a5.webp,🦥 懶惰的,"Single 3D storybook game object: lazy (懶惰的), as in the emoji 🦥. Chunky rounded proportions, tactile material detail, 3/4 angle from slightly above, soft volumetric shading and specular highlight, soft contact shadow. Centered, isolated on pure white background. Square 1:1. --no text, flat vector, outlines"
item,item/1f9e0.webp,🧠 聰明的、記得,"Single 3D storybook game object: smart (聰明的、記得), as in the emoji 🧠. Chunky rounded proportions, tactile material detail, 3/4 angle from slightly above, soft volumetric shading and specular highlight, soft contact shadow. Centered, isolated on pure white background. Square 1:1. --no text, flat vector, outlines"
item,item/26a0.webp,⚠️ 小心的、小心地、問題,"Single 3D storybook game object: careful (小心的、小心地、問題), as in the emoji ⚠️. Chunky rounded proportions, tactile material detail, 3/4 angle from slightly above, soft volumetric shading and specular highlight, soft contact shadow. Centered, isolated on pure white background. Square 1:1. --no text, flat vector, outlines"
item,item/1f647.webp,🙇 有禮貌的,"Single 3D storybook game object: polite (有禮貌的), as in the emoji 🙇. Chunky rounded proportions, tactile material detail, 3/4 angle from slightly above, soft volumetric shading and specular highlight, soft contact shadow. Centered, isolated on pure white background. Square 1:1. --no text, flat vector, outlines"
item,item/1f923.webp,🤣 好笑的,"Single 3D storybook game object: funny (好笑的), as in the emoji 🤣. Chunky rounded proportions, tactile material detail, 3/4 angle from slightly above, soft volumetric shading and specular highlight, soft contact shadow. Centered, isolated on pure white background. Square 1:1. --no text, flat vector, outlines"
item,item/1f31f.webp,🌟 受歡迎的、希望、有名的,"Single 3D storybook game object: popular (受歡迎的、希望、有名的), as in the emoji 🌟. Chunky rounded proportions, tactile material detail, 3/4 angle from slightly above, soft volumetric shading and specular highlight, soft contact shadow. Centered, isolated on pure white background. Square 1:1. --no text, flat vector, outlines"
item,item/1f9d1-200d-1f4bc.webp,🧑‍💼 校長、店員,"Single 3D storybook game object: principal (校長、店員), as in the emoji 🧑‍💼. Chunky rounded proportions, tactile material detail, 3/4 angle from slightly above, soft volumetric shading and specular highlight, soft contact shadow. Centered, isolated on pure white background. Square 1:1. --no text, flat vector, outlines"
item,item/1f5a4.webp,🖤 黑板,"Single 3D storybook game object: blackboard (黑板), as in the emoji 🖤. Chunky rounded proportions, tactile material detail, 3/4 angle from slightly above, soft volumetric shading and specular highlight, soft contact shadow. Centered, isolated on pure white background. Square 1:1. --no text, flat vector, outlines"
item,item/1f4d8.webp,📘 字典,"Single 3D storybook game object: dictionary (字典), as in the emoji 📘. Chunky rounded proportions, tactile material detail, 3/4 angle from slightly above, soft volumetric shading and specular highlight, soft contact shadow. Centered, isolated on pure white background. Square 1:1. --no text, flat vector, outlines"
item,item/1f393.webp,🎓 年級／成績,"Single 3D storybook game object: grade (年級／成績), as in the emoji 🎓. Chunky rounded proportions, tactile material detail, 3/4 angle from slightly above, soft volumetric shading and specular highlight, soft contact shadow. Centered, isolated on pure white background. Square 1:1. --no text, flat vector, outlines"
item,item/274c.webp,❌ 錯誤,"Single 3D storybook game object: mistake (錯誤), as in the emoji ❌. Chunky rounded proportions, tactile material detail, 3/4 angle from slightly above, soft volumetric shading and specular highlight, soft contact shadow. Centered, isolated on pure white background. Square 1:1. --no text, flat vector, outlines"
item,item/1f4b5.webp,💵 元,"Single 3D storybook game object: dollar (元), as in the emoji 💵. Chunky rounded proportions, tactile material detail, 3/4 angle from slightly above, soft volumetric shading and specular highlight, soft contact shadow. Centered, isolated on pure white background. Square 1:1. --no text, flat vector, outlines"
item,item/1f4b3.webp,💳 付錢,"Single 3D storybook game object: pay (付錢), as in the emoji 💳. Chunky rounded proportions, tactile material detail, 3/4 angle from slightly above, soft volumetric shading and specular highlight, soft contact shadow. Centered, isolated on pure white background. Square 1:1. --no text, flat vector, outlines"
item,item/1f4b8.webp,💸 花費,"Single 3D storybook game object: cost (花費), as in the emoji 💸. Chunky rounded proportions, tactile material detail, 3/4 angle from slightly above, soft volumetric shading and specular highlight, soft contact shadow. Centered, isolated on pure white background. Square 1:1. --no text, flat vector, outlines"
item,item/1f45b.webp,👛 皮夾,"Single 3D storybook game object: wallet (皮夾), as in the emoji 👛. Chunky rounded proportions, tactile material detail, 3/4 angle from slightly above, soft volumetric shading and specular highlight, soft contact shadow. Centered, isolated on pure white background. Square 1:1. --no text, flat vector, outlines"
item,item/1f3ab.webp,🎫 票,"Single 3D storybook game object: ticket (票), as in the emoji 🎫. Chunky rounded proportions, tactile material detail, 3/4 angle from slightly above, soft volumetric shading and specular highlight, soft contact shadow. Centered, isolated on pure white background. Square 1:1. --no text, flat vector, outlines"
item,item/1f6c2.webp,🛂 護照,"Single 3D storybook game object: passport (護照), as in the emoji 🛂. Chunky rounded proportions, tactile material detail, 3/4 angle from slightly above, soft volumetric shading and specular highlight, soft contact shadow. Centered, isolated on pure white background. Square 1:1. --no text, flat vector, outlines"
item,item/1f6ec.webp,🛬 到達,"Single 3D storybook game object: arrive (到達), as in the emoji 🛬. Chunky rounded proportions, tactile material detail, 3/4 angle from slightly above, soft volumetric shading and specular highlight, soft contact shadow. Centered, isolated on pure white background. Square 1:1. --no text, flat vector, outlines"
item,item/1f6eb.webp,🛫 離開,"Single 3D storybook game object: leave (離開), as in the emoji 🛫. Chunky rounded proportions, tactile material detail, 3/4 angle from slightly above, soft volumetric shading and specular highlight, soft contact shadow. Centered, isolated on pure white background. Square 1:1. --no text, flat vector, outlines"
item,item/1f4f8.webp,📸 遊客,"Single 3D storybook game object: tourist (遊客), as in the emoji 📸. Chunky rounded proportions, tactile material detail, 3/4 angle from slightly above, soft volumetric shading and specular highlight, soft contact shadow. Centered, isolated on pure white background. Square 1:1. --no text, flat vector, outlines"
item,item/1f5bc.webp,🖼️ 照片,"Single 3D storybook game object: picture (照片), as in the emoji 🖼️. Chunky rounded proportions, tactile material detail, 3/4 angle from slightly above, soft volumetric shading and specular highlight, soft contact shadow. Centered, isolated on pure white background. Square 1:1. --no text, flat vector, outlines"
item,item/1f310.webp,🌐 網路,"Single 3D storybook game object: Internet (網路), as in the emoji 🌐. Chunky rounded proportions, tactile material detail, 3/4 angle from slightly above, soft volumetric shading and specular highlight, soft contact shadow. Centered, isolated on pure white background. Square 1:1. --no text, flat vector, outlines"
item,item/1f4e7.webp,📧 電子郵件,"Single 3D storybook game object: e-mail (電子郵件), as in the emoji 📧. Chunky rounded proportions, tactile material detail, 3/4 angle from slightly above, soft volumetric shading and specular highlight, soft contact shadow. Centered, isolated on pure white background. Square 1:1. --no text, flat vector, outlines"
item,item/1f4f1.webp,📱 手機,"Single 3D storybook game object: cell phone (手機), as in the emoji 📱. Chunky rounded proportions, tactile material detail, 3/4 angle from slightly above, soft volumetric shading and specular highlight, soft contact shadow. Centered, isolated on pure white background. Square 1:1. --no text, flat vector, outlines"
item,item/1f4f9.webp,📹 影片,"Single 3D storybook game object: video (影片), as in the emoji 📹. Chunky rounded proportions, tactile material detail, 3/4 angle from slightly above, soft volumetric shading and specular highlight, soft contact shadow. Centered, isolated on pure white background. Square 1:1. --no text, flat vector, outlines"
item,item/1f5a5.webp,🖥️ 螢幕,"Single 3D storybook game object: screen (螢幕), as in the emoji 🖥️. Chunky rounded proportions, tactile material detail, 3/4 angle from slightly above, soft volumetric shading and specular highlight, soft contact shadow. Centered, isolated on pure white background. Square 1:1. --no text, flat vector, outlines"
item,item/1f4f0.webp,📰 新聞,"Single 3D storybook game object: news (新聞), as in the emoji 📰. Chunky rounded proportions, tactile material detail, 3/4 angle from slightly above, soft volumetric shading and specular highlight, soft contact shadow. Centered, isolated on pure white background. Square 1:1. --no text, flat vector, outlines"
item,item/1f30d.webp,🌍 外國的、世界、環境,"Single 3D storybook game object: foreign (外國的、世界、環境), as in the emoji 🌍. Chunky rounded proportions, tactile material detail, 3/4 angle from slightly above, soft volumetric shading and specular highlight, soft contact shadow. Centered, isolated on pure white background. Square 1:1. --no text, flat vector, outlines"
item,item/25b6.webp,▶️ 開始,"Single 3D storybook game object: begin (開始), as in the emoji ▶️. Chunky rounded proportions, tactile material detail, 3/4 angle from slightly above, soft volumetric shading and specular highlight, soft contact shadow. Centered, isolated on pure white background. Square 1:1. --no text, flat vector, outlines"
item,item/1f937.webp,🤷 忘記,"Single 3D storybook game object: forget (忘記), as in the emoji 🤷. Chunky rounded proportions, tactile material detail, 3/4 angle from slightly above, soft volumetric shading and specular highlight, soft contact shadow. Centered, isolated on pure white background. Square 1:1. --no text, flat vector, outlines"
item,item/2696.webp,⚖️ 決定、律師,"Single 3D storybook game object: decide (決定、律師), as in the emoji ⚖️. Chunky rounded proportions, tactile material detail, 3/4 angle from slightly above, soft volumetric shading and specular highlight, soft contact shadow. Centered, isolated on pure white background. Square 1:1. --no text, flat vector, outlines"
item,item/23f3.webp,⏳ 等待,"Single 3D storybook game object: wait (等待), as in the emoji ⏳. Chunky rounded proportions, tactile material detail, 3/4 angle from slightly above, soft volumetric shading and specular highlight, soft contact shadow. Centered, isolated on pure white background. Square 1:1. --no text, flat vector, outlines"
item,item/1f450.webp,👐 推,"Single 3D storybook game object: push (推), as in the emoji 👐. Chunky rounded proportions, tactile material detail, 3/4 angle from slightly above, soft volumetric shading and specular highlight, soft contact shadow. Centered, isolated on pure white background. Square 1:1. --no text, flat vector, outlines"
item,item/1f501.webp,🔁 再一次、習慣,"Single 3D storybook game object: again (再一次、習慣), as in the emoji 🔁. Chunky rounded proportions, tactile material detail, 3/4 angle from slightly above, soft volumetric shading and specular highlight, soft contact shadow. Centered, isolated on pure white background. Square 1:1. --no text, flat vector, outlines"
item,item/1f9cd-200d-1f9cd.webp,🧍‍🧍 排隊,"Single 3D storybook game object: line up (排隊), as in the emoji 🧍‍🧍. Chunky rounded proportions, tactile material detail, 3/4 angle from slightly above, soft volumetric shading and specular highlight, soft contact shadow. Centered, isolated on pure white background. Square 1:1. --no text, flat vector, outlines"
item,item/1f465.webp,👥 兩人一組,"Single 3D storybook game object: work in pairs (兩人一組), as in the emoji 👥. Chunky rounded proportions, tactile material detail, 3/4 angle from slightly above, soft volumetric shading and specular highlight, soft contact shadow. Centered, isolated on pure white background. Square 1:1. --no text, flat vector, outlines"
item,item/1f4e4.webp,📤 繳交、借（出）,"Single 3D storybook game object: hand in (繳交、借（出）), as in the emoji 📤. Chunky rounded proportions, tactile material detail, 3/4 angle from slightly above, soft volumetric shading and specular highlight, soft contact shadow. Centered, isolated on pure white background. Square 1:1. --no text, flat vector, outlines"
item,item/1f3ad.webp,🎭 演員,"Single 3D storybook game object: actor (演員), as in the emoji 🎭. Chunky rounded proportions, tactile material detail, 3/4 angle from slightly above, soft volumetric shading and specular highlight, soft contact shadow. Centered, isolated on pure white background. Square 1:1. --no text, flat vector, outlines"
item,item/2699.webp,⚙️ 工程師,"Single 3D storybook game object: engineer (工程師), as in the emoji ⚙️. Chunky rounded proportions, tactile material detail, 3/4 angle from slightly above, soft volumetric shading and specular highlight, soft contact shadow. Centered, isolated on pure white background. Square 1:1. --no text, flat vector, outlines"
item,item/1fa96.webp,🪖 軍人,"Single 3D storybook game object: soldier (軍人), as in the emoji 🪖. Chunky rounded proportions, tactile material detail, 3/4 angle from slightly above, soft volumetric shading and specular highlight, soft contact shadow. Centered, isolated on pure white background. Square 1:1. --no text, flat vector, outlines"
item,item/1f9d1-200d-1f373.webp,🧑‍🍳 服務生,"Single 3D storybook game object: waiter (服務生), as in the emoji 🧑‍🍳. Chunky rounded proportions, tactile material detail, 3/4 angle from slightly above, soft volumetric shading and specular highlight, soft contact shadow. Centered, isolated on pure white background. Square 1:1. --no text, flat vector, outlines"
item,item/1f5c2.webp,🗂️ 祕書、收集,"Single 3D storybook game object: secretary (祕書、收集), as in the emoji 🗂️. Chunky rounded proportions, tactile material detail, 3/4 angle from slightly above, soft volumetric shading and specular highlight, soft contact shadow. Centered, isolated on pure white background. Square 1:1. --no text, flat vector, outlines"
item,item/1f3ed.webp,🏭 汙染、工廠,"Single 3D storybook game object: pollution (汙染、工廠), as in the emoji 🏭. Chunky rounded proportions, tactile material detail, 3/4 angle from slightly above, soft volumetric shading and specular highlight, soft contact shadow. Centered, isolated on pure white background. Square 1:1. --no text, flat vector, outlines"
item,item/267b.webp,♻️ 回收,"Single 3D storybook game object: recycle (回收), as in the emoji ♻️. Chunky rounded proportions, tactile material detail, 3/4 angle from slightly above, soft volumetric shading and specular highlight, soft contact shadow. Centered, isolated on pure white background. Square 1:1. --no text, flat vector, outlines"
item,item/1f30f.webp,🌏 地球,"Single 3D storybook game object: earth (地球), as in the emoji 🌏. Chunky rounded proportions, tactile material detail, 3/4 angle from slightly above, soft volumetric shading and specular highlight, soft contact shadow. Centered, isolated on pure white background. Square 1:1. --no text, flat vector, outlines"
item,item/1f326.webp,🌦️ 天氣,"Single 3D storybook game object: weather (天氣), as in the emoji 🌦️. Chunky rounded proportions, tactile material detail, 3/4 angle from slightly above, soft volumetric shading and specular highlight, soft contact shadow. Centered, isolated on pure white background. Square 1:1. --no text, flat vector, outlines"
item,item/1f6a6.webp,🚦 交通,"Single 3D storybook game object: traffic (交通), as in the emoji 🚦. Chunky rounded proportions, tactile material detail, 3/4 angle from slightly above, soft volumetric shading and specular highlight, soft contact shadow. Centered, isolated on pure white background. Square 1:1. --no text, flat vector, outlines"
item,item/1f3e2.webp,🏢 街區、建築物、辦公室,"Single 3D storybook game object: block (街區、建築物、辦公室), as in the emoji 🏢. Chunky rounded proportions, tactile material detail, 3/4 angle from slightly above, soft volumetric shading and specular highlight, soft contact shadow. Centered, isolated on pure white background. Square 1:1. --no text, flat vector, outlines"
item,item/1f6d7.webp,🛗 電梯,"Single 3D storybook game object: elevator (電梯), as in the emoji 🛗. Chunky rounded proportions, tactile material detail, 3/4 angle from slightly above, soft volumetric shading and specular highlight, soft contact shadow. Centered, isolated on pure white background. Square 1:1. --no text, flat vector, outlines"
item,item/1fa9c.webp,🪜 樓梯,"Single 3D storybook game object: stairs (樓梯), as in the emoji 🪜. Chunky rounded proportions, tactile material detail, 3/4 angle from slightly above, soft volumetric shading and specular highlight, soft contact shadow. Centered, isolated on pure white background. Square 1:1. --no text, flat vector, outlines"
item,item/1f693.webp,🚓 警察局,"Single 3D storybook game object: police station (警察局), as in the emoji 🚓. Chunky rounded proportions, tactile material detail, 3/4 angle from slightly above, soft volumetric shading and specular highlight, soft contact shadow. Centered, isolated on pure white background. Square 1:1. --no text, flat vector, outlines"
item,item/1f692.webp,🚒 消防局,"Single 3D storybook game object: fire station (消防局), as in the emoji 🚒. Chunky rounded proportions, tactile material detail, 3/4 angle from slightly above, soft volumetric shading and specular highlight, soft contact shadow. Centered, isolated on pure white background. Square 1:1. --no text, flat vector, outlines"
item,item/1f4ad.webp,💭 夢想,"Single 3D storybook game object: dream (夢想), as in the emoji 💭. Chunky rounded proportions, tactile material detail, 3/4 angle from slightly above, soft volumetric shading and specular highlight, soft contact shadow. Centered, isolated on pure white background. Square 1:1. --no text, flat vector, outlines"
item,item/1f52e.webp,🔮 未來,"Single 3D storybook game object: future (未來), as in the emoji 🔮. Chunky rounded proportions, tactile material detail, 3/4 angle from slightly above, soft volumetric shading and specular highlight, soft contact shadow. Centered, isolated on pure white background. Square 1:1. --no text, flat vector, outlines"
item,item/1f4cb.webp,📋 計畫、準備,"Single 3D storybook game object: plan (計畫、準備), as in the emoji 📋. Chunky rounded proportions, tactile material detail, 3/4 angle from slightly above, soft volumetric shading and specular highlight, soft contact shadow. Centered, isolated on pure white background. Square 1:1. --no text, flat vector, outlines"
item,item/1f9ed.webp,🧭 經驗,"Single 3D storybook game object: experience (經驗), as in the emoji 🧭. Chunky rounded proportions, tactile material detail, 3/4 angle from slightly above, soft volumetric shading and specular highlight, soft contact shadow. Centered, isolated on pure white background. Square 1:1. --no text, flat vector, outlines"
item,item/262e.webp,☮️ 和平,"Single 3D storybook game object: peace (和平), as in the emoji ☮️. Chunky rounded proportions, tactile material detail, 3/4 angle from slightly above, soft volumetric shading and specular highlight, soft contact shadow. Centered, isolated on pure white background. Square 1:1. --no text, flat vector, outlines"
item,item/1f3ee.webp,🏮 文化、傳統的,"Single 3D storybook game object: culture (文化、傳統的), as in the emoji 🏮. Chunky rounded proportions, tactile material detail, 3/4 angle from slightly above, soft volumetric shading and specular highlight, soft contact shadow. Centered, isolated on pure white background. Square 1:1. --no text, flat vector, outlines"
item,item/1f41e.webp,🐞 昆蟲,"Single 3D storybook game object: insect (昆蟲), as in the emoji 🐞. Chunky rounded proportions, tactile material detail, 3/4 angle from slightly above, soft volumetric shading and specular highlight, soft contact shadow. Centered, isolated on pure white background. Square 1:1. --no text, flat vector, outlines"
item,item/1fa90.webp,🪐 行星,"Single 3D storybook game object: planet (行星), as in the emoji 🪐. Chunky rounded proportions, tactile material detail, 3/4 angle from slightly above, soft volumetric shading and specular highlight, soft contact shadow. Centered, isolated on pure white background. Square 1:1. --no text, flat vector, outlines"
item,item/1f3dc.webp,🏜️ 沙漠,"Single 3D storybook game object: desert (沙漠), as in the emoji 🏜️. Chunky rounded proportions, tactile material detail, 3/4 angle from slightly above, soft volumetric shading and specular highlight, soft contact shadow. Centered, isolated on pure white background. Square 1:1. --no text, flat vector, outlines"
item,item/1f691.webp,🚑 意外,"Single 3D storybook game object: accident (意外), as in the emoji 🚑. Chunky rounded proportions, tactile material detail, 3/4 angle from slightly above, soft volumetric shading and specular highlight, soft contact shadow. Centered, isolated on pure white background. Square 1:1. --no text, flat vector, outlines"
item,item/1f198.webp,🆘 幫助,"Single 3D storybook game object: help (幫助), as in the emoji 🆘. Chunky rounded proportions, tactile material detail, 3/4 angle from slightly above, soft volumetric shading and specular highlight, soft contact shadow. Centered, isolated on pure white background. Square 1:1. --no text, flat vector, outlines"
item,item/26d1.webp,⛑️ 安全帽,"Single 3D storybook game object: helmet (安全帽), as in the emoji ⛑️. Chunky rounded proportions, tactile material detail, 3/4 angle from slightly above, soft volumetric shading and specular highlight, soft contact shadow. Centered, isolated on pure white background. Square 1:1. --no text, flat vector, outlines"
item,item/1f6a8.webp,🚨 緊急狀況,"Single 3D storybook game object: emergency (緊急狀況), as in the emoji 🚨. Chunky rounded proportions, tactile material detail, 3/4 angle from slightly above, soft volumetric shading and specular highlight, soft contact shadow. Centered, isolated on pure white background. Square 1:1. --no text, flat vector, outlines"
item,item/1f500.webp,🔀 不同的,"Single 3D storybook game object: different (不同的), as in the emoji 🔀. Chunky rounded proportions, tactile material detail, 3/4 angle from slightly above, soft volumetric shading and specular highlight, soft contact shadow. Centered, isolated on pure white background. Square 1:1. --no text, flat vector, outlines"
item,item/1f7f0.webp,🟰 相同的,"Single 3D storybook game object: same (相同的), as in the emoji 🟰. Chunky rounded proportions, tactile material detail, 3/4 angle from slightly above, soft volumetric shading and specular highlight, soft contact shadow. Centered, isolated on pure white background. Square 1:1. --no text, flat vector, outlines"
item,item/2795.webp,➕ 加入,"Single 3D storybook game object: join (加入), as in the emoji ➕. Chunky rounded proportions, tactile material detail, 3/4 angle from slightly above, soft volumetric shading and specular highlight, soft contact shadow. Centered, isolated on pure white background. Square 1:1. --no text, flat vector, outlines"
item,item/1f4e5.webp,📥 借（入）,"Single 3D storybook game object: borrow (借（入）), as in the emoji 📥. Chunky rounded proportions, tactile material detail, 3/4 angle from slightly above, soft volumetric shading and specular highlight, soft contact shadow. Centered, isolated on pure white background. Square 1:1. --no text, flat vector, outlines"
item,item/1f4e3.webp,📣 加油,"Single 3D storybook game object: cheer (加油), as in the emoji 📣. Chunky rounded proportions, tactile material detail, 3/4 angle from slightly above, soft volumetric shading and specular highlight, soft contact shadow. Centered, isolated on pure white background. Square 1:1. --no text, flat vector, outlines"
item,item/1f4c8.webp,📈 進步,"Single 3D storybook game object: improve (進步), as in the emoji 📈. Chunky rounded proportions, tactile material detail, 3/4 angle from slightly above, soft volumetric shading and specular highlight, soft contact shadow. Centered, isolated on pure white background. Square 1:1. --no text, flat vector, outlines"
item,item/1f9e3.webp,🧣 ,"Single 3D storybook game object: 🧣, as in the emoji 🧣. Chunky rounded proportions, tactile material detail, 3/4 angle from slightly above, soft volumetric shading and specular highlight, soft contact shadow. Centered, isolated on pure white background. Square 1:1. --no text, flat vector, outlines"
item,item/2603.webp,☃️ ,"Single 3D storybook game object: ☃️, as in the emoji ☃️. Chunky rounded proportions, tactile material detail, 3/4 angle from slightly above, soft volumetric shading and specular highlight, soft contact shadow. Centered, isolated on pure white background. Square 1:1. --no text, flat vector, outlines"
item,item/1f9e7.webp,🧧 ,"Single 3D storybook game object: 🧧, as in the emoji 🧧. Chunky rounded proportions, tactile material detail, 3/4 angle from slightly above, soft volumetric shading and specular highlight, soft contact shadow. Centered, isolated on pure white background. Square 1:1. --no text, flat vector, outlines"
item,item/1f6a3.webp,🚣 ,"Single 3D storybook game object: 🚣, as in the emoji 🚣. Chunky rounded proportions, tactile material detail, 3/4 angle from slightly above, soft volumetric shading and specular highlight, soft contact shadow. Centered, isolated on pure white background. Square 1:1. --no text, flat vector, outlines"
item,item/1f341.webp,🍁 ,"Single 3D storybook game object: 🍁, as in the emoji 🍁. Chunky rounded proportions, tactile material detail, 3/4 angle from slightly above, soft volumetric shading and specular highlight, soft contact shadow. Centered, isolated on pure white background. Square 1:1. --no text, flat vector, outlines"
item,item/1f47b.webp,👻 ,"Single 3D storybook game object: 👻, as in the emoji 👻. Chunky rounded proportions, tactile material detail, 3/4 angle from slightly above, soft volumetric shading and specular highlight, soft contact shadow. Centered, isolated on pure white background. Square 1:1. --no text, flat vector, outlines"
item,item/1f514.webp,🔔 ,"Single 3D storybook game object: 🔔, as in the emoji 🔔. Chunky rounded proportions, tactile material detail, 3/4 angle from slightly above, soft volumetric shading and specular highlight, soft contact shadow. Centered, isolated on pure white background. Square 1:1. --no text, flat vector, outlines"